Date,Price
2014-01-02,76.2699966430664
2014-01-03,76.11000061035156
2014-01-06,75.81999969482422
2014-01-07,76.33999633789062
2014-01-08,75.22000122070312
2014-01-09,74.9000015258789
2014-01-10,75.38999938964844
2014-01-13,73.2699966430664
2014-01-14,74.44999694824219
2014-01-15,74.27999877929688
2014-01-16,74.20999908447266
2014-01-17,73.9800033569336
2014-01-21,74.19999694824219
2014-01-22,75.30999755859375
2014-01-23,74.79000091552734
2014-01-24,72.72000122070312
2014-01-27,72.25
2014-01-28,72.87999725341797
2014-01-29,71.33000183105469
2014-01-30,73.22000122070312
2014-01-31,72.61000061035156
2014-02-03,69.98999786376953
2014-02-04,71.05000305175781
2014-02-05,71.76000213623047
2014-02-06,75.55999755859375
2014-02-07,75.66999816894531
2014-02-10,77.05999755859375
2014-02-11,77.79000091552734
2014-02-12,77.91000366210938
2014-02-13,77.9000015258789
2014-02-14,79.2300033569336
2014-02-18,79.58000183105469
2014-02-19,78.87000274658203
2014-02-20,79.19000244140625
2014-02-21,80.12999725341797
2014-02-24,80.7300033569336
2014-02-25,80.20999908447266
2014-02-26,80.08000183105469
2014-02-27,80.4800033569336
2014-02-28,80.80999755859375
2014-03-03,79.45999908447266
2014-03-04,81.70999908447266
2014-03-05,82.68000030517578
2014-03-06,83.33999633789062
2014-03-07,82.20999908447266
2014-03-10,81.97000122070312
2014-03-11,81.05000305175781
2014-03-12,81.37999725341797
2014-03-13,79.93000030517578
2014-03-14,80.06999969482422
2014-03-17,81.38999938964844
2014-03-18,81.98999786376953
2014-03-19,80.5199966430664
2014-03-20,80.80999755859375
2014-03-21,80.3499984741211
2014-03-24,79.48999786376953
2014-03-25,79.55000305175781
2014-03-26,78.62000274658203
2014-03-27,78.4800033569336
2014-03-28,78.98999786376953
2014-03-31,80.06999969482422
2014-04-01,81.56999969482422
2014-04-02,81.66999816894531
2014-04-03,81.69000244140625
2014-04-04,80.43000030517578
2014-04-07,79.12999725341797
2014-04-08,79.56999969482422
2014-04-09,80.47000122070312
2014-04-10,77.51000213623047
2014-04-11,77.01000213623047
2014-04-14,77.62000274658203
2014-04-15,77.66000366210938
2014-04-16,78.94999694824219
2014-04-17,79.98999786376953
2014-04-21,79.11000061035156
2014-04-22,79.44999694824219
2014-04-23,79.5199966430664
2014-04-24,79.58999633789062
2014-04-25,78.2300033569336
2014-04-28,77.77999877929688
2014-04-29,78.63999938964844
2014-04-30,79.33999633789062
2014-05-01,79.55999755859375
2014-05-02,80.30999755859375
2014-05-05,81.22000122070312
2014-05-06,81.02999877929688
2014-05-07,80.29000091552734
2014-05-08,81.5999984741211
2014-05-09,81.94999694824219
2014-05-12,82.41999816894531
2014-05-13,82.08000183105469
2014-05-14,80.91999816894531
2014-05-15,80.1500015258789
2014-05-16,80.38999938964844
2014-05-19,81.05000305175781
2014-05-20,81.08999633789062
2014-05-21,82.19000244140625
2014-05-22,82.3499984741211
2014-05-23,83.31999969482422
2014-05-27,83.73999786376953
2014-05-28,83.5999984741211
2014-05-29,84.02999877929688
2014-05-30,84.01000213623047
2014-06-02,84.2699966430664
2014-06-03,83.87999725341797
2014-06-04,84.23999786376953
2014-06-05,84.77999877929688
2014-06-06,84.61000061035156
2014-06-09,85.4800033569336
2014-06-10,84.75
2014-06-11,84.30999755859375
2014-06-12,82.80000305175781
2014-06-13,82.80000305175781
2014-06-16,83.30000305175781
2014-06-17,83.16000366210938
2014-06-18,83.58000183105469
2014-06-19,83.7699966430664
2014-06-20,82.81999969482422
2014-06-23,82.76000213623047
2014-06-24,82.68000030517578
2014-06-25,83.9000015258789
2014-06-26,84.44999694824219
2014-06-27,85.30000305175781
2014-06-30,85.73999786376953
2014-07-01,86.47000122070312
2014-07-02,86.44000244140625
2014-07-03,86.83999633789062
2014-07-07,86.58999633789062
2014-07-08,85.86000061035156
2014-07-09,87.22000122070312
2014-07-10,86.86000061035156
2014-07-11,86.88999938964844
2014-07-14,86.76000213623047
2014-07-15,86.1500015258789
2014-07-16,85.3499984741211
2014-07-17,85.02999877929688
2014-07-18,85.80999755859375
2014-07-21,85.73999786376953
2014-07-22,86.20999908447266
2014-07-23,86.04000091552734
2014-07-24,86.80000305175781
2014-07-25,86.2300033569336
2014-07-28,87.1500015258789
2014-07-29,86.19999694824219
2014-07-30,87.20999908447266
2014-07-31,85.87999725341797
2014-08-01,85.37999725341797
2014-08-04,87.23999786376953
2014-08-05,86.75
2014-08-06,86.58999633789062
2014-08-07,85.51000213623047
2014-08-08,86.8499984741211
2014-08-11,87.5
2014-08-12,87.20999908447266
2014-08-13,87.5999984741211
2014-08-14,88.61000061035156
2014-08-15,89.27999877929688
2014-08-18,89.97000122070312
2014-08-19,90.08999633789062
2014-08-20,89.83999633789062
2014-08-21,90.37999725341797
2014-08-22,90.48999786376953
2014-08-25,90.37999725341797
2014-08-26,90.0199966430664
2014-08-27,90.37000274658203
2014-08-28,90.2300033569336
2014-08-29,89.87999725341797
2014-09-02,90.80000305175781
2014-09-03,90.94000244140625
2014-09-04,90.13999938964844
2014-09-05,90.94000244140625
2014-09-08,90.55999755859375
2014-09-09,89.5999984741211
2014-09-10,89.5199966430664
2014-09-11,89.97000122070312
2014-09-12,89.66999816894531
2014-09-15,90.08000183105469
2014-09-16,90.2699966430664
2014-09-17,90.33000183105469
2014-09-18,90.33999633789062
2014-09-19,90.48999786376953
2014-09-22,89.29000091552734
2014-09-23,88.30999755859375
2014-09-24,89.44999694824219
2014-09-25,88.06999969482422
2014-09-26,88.73999786376953
2014-09-30,89.02999877929688
2014-10-01,87.48999786376953
2014-10-02,86.79000091552734
2014-10-03,88.44999694824219
2014-10-06,88.55999755859375
2014-10-07,87.11000061035156
2014-10-08,88.11000061035156
2014-10-09,85.70999908447266
2014-10-10,86.2699966430664
2014-10-13,83.91000366210938
2014-10-14,84.13999938964844
2014-10-15,82.08000183105469
2014-10-16,81.73999786376953
2014-10-17,83.83000183105469
2014-10-20,85.5199966430664
2014-10-21,87.54000091552734
2014-10-22,87.0999984741211
2014-10-23,87.98999786376953
2014-10-24,88.61000061035156
2014-10-27,88.44999694824219
2014-10-28,89.93000030517578
2014-10-29,89.52999877929688
2014-10-30,90.22000122070312
2014-10-31,91.37999725341797
2014-11-03,91.70999908447266
2014-11-04,90.3499984741211
2014-11-05,91.0
2014-11-06,92.0
2014-11-07,90.0
2014-11-10,89.77999877929688
2014-11-11,89.9800033569336
2014-11-12,89.9000015258789
2014-11-14,90.80000305175781
2014-11-17,90.41000366210938
2014-11-18,90.27999877929688
2014-11-19,89.81999969482422
2014-11-20,88.9000015258789
2014-11-21,88.95999908447266
2014-11-24,90.58000183105469
2014-11-25,91.6500015258789
2014-11-26,91.91999816894531
2014-11-28,92.51000213623047
2014-12-01,92.69999694824219
2014-12-02,93.47000122070312
2014-12-03,93.11000061035156
2014-12-04,93.2300033569336
2014-12-05,93.76000213623047
2014-12-08,93.80000305175781
2014-12-09,92.94000244140625
2014-12-10,91.62999725341797
2014-12-11,91.75
2014-12-12,91.48999786376953
2014-12-15,90.9000015258789
2014-12-16,90.16999816894531
2014-12-17,91.37999725341797
2014-12-18,92.61000061035156
2014-12-19,92.88999938964844
2014-12-22,94.19999694824219
2014-12-23,94.69000244140625
2014-12-24,94.41999816894531
2014-12-26,95.02999877929688
2014-12-29,95.5
2014-12-30,94.69999694824219
2014-12-31,94.19000244140625
2015-01-02,93.75
2015-01-05,92.37999725341797
2015-01-06,91.88999938964844
2015-01-07,92.83000183105469
2015-01-08,93.79000091552734
2015-01-09,94.25
2015-01-12,94.45999908447266
2015-01-13,95.19000244140625
2015-01-14,94.2300033569336
2015-01-15,94.3499984741211
2015-01-16,95.18000030517578
2015-01-20,94.73999786376953
2015-01-21,94.16999816894531
2015-01-22,95.1500015258789
2015-01-23,94.72000122070312
2015-01-26,94.97000122070312
2015-01-27,93.97000122070312
2015-01-28,92.66999816894531
2015-01-29,93.22000122070312
2015-01-30,90.95999908447266
2015-02-02,91.93000030517578
2015-02-03,94.0999984741211
2015-02-04,101.27999877929688
2015-02-05,102.63999938964844
2015-02-06,102.0199966430664
2015-02-09,101.7300033569336
2015-02-10,101.91999816894531
2015-02-11,101.87000274658203
2015-02-12,103.58000183105469
2015-02-13,104.16999816894531
2015-02-17,104.12000274658203
2015-02-18,103.86000061035156
2015-02-19,103.88999938964844
2015-02-20,104.55000305175781
2015-02-23,104.98999786376953
2015-02-24,104.66999816894531
2015-02-25,105.56999969482422
2015-02-26,104.55999755859375
2015-02-27,104.08000183105469
2015-03-02,105.88999938964844
2015-03-03,106.3499984741211
2015-03-04,105.56999969482422
2015-03-05,105.02999877929688
2015-03-06,103.81999969482422
2015-03-09,105.26000213623047
2015-03-10,103.08999633789062
2015-03-11,102.88999938964844
2015-03-12,107.16999816894531
2015-03-13,106.44000244140625
2015-03-16,107.37000274658203
2015-03-17,106.95999908447266
2015-03-18,107.97000122070312
2015-03-19,107.37000274658203
2015-03-20,108.43000030517578
2015-03-23,108.22000122070312
2015-03-24,107.11000061035156
2015-03-25,105.0
2015-03-26,105.23999786376953
2015-03-27,105.4800033569336
2015-03-30,106.12000274658203
2015-03-31,104.88999938964844
2015-04-01,105.44000244140625
2015-04-02,106.0
2015-04-06,105.62999725341797
2015-04-07,105.43000030517578
2015-04-08,106.36000061035156
2015-04-09,106.7699966430664
2015-04-10,106.94999694824219
2015-04-13,106.51000213623047
2015-04-14,106.66000366210938
2015-04-15,106.9800033569336
2015-04-16,108.0999984741211
2015-04-17,106.69000244140625
2015-04-20,108.22000122070312
2015-04-21,107.68000030517578
2015-04-22,107.94000244140625
2015-04-23,109.0
2015-04-24,109.52999877929688
2015-04-27,110.16000366210938
2015-04-28,109.91999816894531
2015-04-29,109.80999755859375
2015-04-30,108.72000122070312
2015-05-01,110.5199966430664
2015-05-04,111.02999877929688
2015-05-05,110.80999755859375
2015-05-06,109.72000122070312
2015-05-07,109.26000213623047
2015-05-08,110.11000061035156
2015-05-11,108.5999984741211
2015-05-12,109.23999786376953
2015-05-13,109.19000244140625
2015-05-14,109.93000030517578
2015-05-15,110.30000305175781
2015-05-18,110.33000183105469
2015-05-19,110.55999755859375
2015-05-20,110.19999694824219
2015-05-21,110.38999938964844
2015-05-22,110.26000213623047
2015-05-26,109.44000244140625
2015-05-27,110.37000274658203
2015-05-28,110.52999877929688
2015-05-29,110.37000274658203
2015-06-01,110.95999908447266
2015-06-02,110.75
2015-06-03,111.16999816894531
2015-06-04,110.30000305175781
2015-06-05,110.30000305175781
2015-06-08,109.29000091552734
2015-06-09,108.5199966430664
2015-06-10,110.0
2015-06-11,110.62000274658203
2015-06-12,109.94999694824219
2015-06-15,110.18000030517578
2015-06-16,111.05999755859375
2015-06-17,111.48999786376953
2015-06-18,113.22000122070312
2015-06-19,112.62000274658203
2015-06-22,113.52999877929688
2015-06-23,114.41000366210938
2015-06-24,113.7699966430664
2015-06-25,114.44999694824219
2015-06-26,114.98999786376953
2015-06-29,113.05000305175781
2015-06-30,114.13999938964844
2015-07-01,115.12999725341797
2015-07-02,114.97000122070312
2015-07-06,115.69999694824219
2015-07-07,117.0999984741211
2015-07-08,115.19000244140625
2015-07-09,115.5999984741211
2015-07-10,116.44000244140625
2015-07-13,118.05000305175781
2015-07-14,117.8499984741211
2015-07-15,118.30000305175781
2015-07-16,119.06999969482422
2015-07-17,118.86000061035156
2015-07-20,119.58000183105469
2015-07-21,119.30999755859375
2015-07-22,119.33000183105469
2015-07-23,118.80000305175781
2015-07-24,118.91000366210938
2015-07-27,118.25
2015-07-28,118.45999908447266
2015-07-29,119.83999633789062
2015-07-30,120.02999877929688
2015-07-31,120.0
2015-08-03,121.12000274658203
2015-08-04,121.69000244140625
2015-08-05,110.52999877929688
2015-08-06,108.55000305175781
2015-08-07,109.3499984741211
2015-08-10,111.0
2015-08-11,108.0
2015-08-12,106.98999786376953
2015-08-13,107.5199966430664
2015-08-14,107.16000366210938
2015-08-17,109.05000305175781
2015-08-18,106.94000244140625
2015-08-19,106.44999694824219
2015-08-20,100.0199966430664
2015-08-21,98.83999633789062
2015-08-24,95.36000061035156
2015-08-25,95.88999938964844
2015-08-26,99.2300033569336
2015-08-27,102.16999816894531
2015-08-28,102.4800033569336
2015-08-31,101.87999725341797
2015-09-01,99.51000213623047
2015-09-02,101.88999938964844
2015-09-03,101.98999786376953
2015-09-04,100.97000122070312
2015-09-08,104.01000213623047
2015-09-09,101.91000366210938
2015-09-10,102.5999984741211
2015-09-11,104.4800033569336
2015-09-14,103.81999969482422
2015-09-15,103.43000030517578
2015-09-16,103.95999908447266
2015-09-17,104.19999694824219
2015-09-18,102.83999633789062
2015-09-21,103.41000366210938
2015-09-22,102.48999786376953
2015-09-23,101.56999969482422
2015-09-24,100.62000274658203
2015-09-25,100.30000305175781
2015-09-28,98.48999786376953
2015-09-29,99.41999816894531
2015-09-30,102.19999694824219
2015-10-01,102.66999816894531
2015-10-02,103.0
2015-10-05,103.8499984741211
2015-10-06,103.7699966430664
2015-10-07,103.38999938964844
2015-10-08,104.61000061035156
2015-10-09,105.55999755859375
2015-10-12,106.3499984741211
2015-10-13,106.58999633789062
2015-10-14,105.7300033569336
2015-10-15,107.88999938964844
2015-10-16,108.23999786376953
2015-10-19,109.47000122070312
2015-10-20,109.83999633789062
2015-10-21,110.08999633789062
2015-10-22,113.25
2015-10-23,113.08999633789062
2015-10-26,113.5199966430664
2015-10-27,113.7699966430664
2015-10-28,114.33999633789062
2015-10-29,115.04000091552734
2015-10-30,113.73999786376953
2015-11-02,115.04000091552734
2015-11-03,115.54000091552734
2015-11-04,113.25
2015-11-05,113.0
2015-11-06,115.66999816894531
2015-11-09,116.41999816894531
2015-11-10,117.41999816894531
2015-11-11,116.5199966430664
2015-11-12,116.20999908447266
2015-11-13,114.83999633789062
2015-11-16,115.91999816894531
2015-11-17,116.12999725341797
2015-11-18,118.13999938964844
2015-11-19,118.70999908447266
2015-11-20,120.06999969482422
2015-11-23,119.41999816894531
2015-11-24,117.94999694824219
2015-11-25,118.66999816894531
2015-11-27,115.12999725341797
2015-11-30,113.47000122070312
2015-12-01,115.38999938964844
2015-12-02,114.0
2015-12-03,111.88999938964844
2015-12-04,114.23999786376953
2015-12-07,113.83000183105469
2015-12-08,112.4800033569336
2015-12-09,111.47000122070312
2015-12-10,110.76000213623047
2015-12-11,108.04000091552734
2015-12-14,109.3499984741211
2015-12-15,112.16000366210938
2015-12-16,113.79000091552734
2015-12-17,112.01000213623047
2015-12-18,107.72000122070312
2015-12-21,106.58999633789062
2015-12-22,106.73999786376953
2015-12-23,105.55999755859375
2015-12-24,105.86000061035156
2015-12-28,107.25
2015-12-29,107.08000183105469
2015-12-30,106.33999633789062
2015-12-31,105.08000183105469
2016-01-04,102.9800033569336
2016-01-05,100.9000015258789
2016-01-06,100.36000061035156
2016-01-07,99.5
2016-01-08,99.25
2016-01-11,99.91999816894531
2016-01-12,101.45999908447266
2016-01-13,98.4800033569336
2016-01-14,99.11000061035156
2016-01-15,93.9000015258789
2016-01-19,93.97000122070312
2016-01-20,92.54000091552734
2016-01-21,94.0199966430664
2016-01-22,96.9000015258789
2016-01-25,95.29000091552734
2016-01-26,96.2699966430664
2016-01-27,94.31999969482422
2016-01-28,93.52999877929688
2016-01-29,95.81999969482422
2016-02-01,95.1500015258789
2016-02-02,93.12000274658203
2016-02-03,95.13999938964844
2016-02-04,95.43000030517578
2016-02-05,93.9000015258789
2016-02-08,92.12000274658203
2016-02-09,92.31999969482422
2016-02-10,88.8499984741211
2016-02-11,90.30999755859375
2016-02-12,91.1500015258789
2016-02-16,92.91000366210938
2016-02-17,95.5
2016-02-18,95.16999816894531
2016-02-19,95.01000213623047
2016-02-22,96.37000274658203
2016-02-23,95.37999725341797
2016-02-24,95.43000030517578
2016-02-25,95.6500015258789
2016-02-26,95.30999755859375
2016-02-29,95.5199966430664
2016-03-01,97.6500015258789
2016-03-02,97.0
2016-03-03,98.81999969482422
2016-03-04,98.4800033569336
2016-03-07,99.38999938964844
2016-03-08,97.81999969482422
2016-03-09,97.66000366210938
2016-03-10,97.04000091552734
2016-03-11,97.94000244140625
2016-03-14,98.80999755859375
2016-03-15,98.23999786376953
2016-03-16,98.44000244140625
2016-03-17,99.5999984741211
2016-03-18,99.19999694824219
2016-03-21,98.45999908447266
2016-03-22,97.58000183105469
2016-03-23,96.83000183105469
2016-03-24,97.22000122070312
2016-03-28,98.08999633789062
2016-03-29,98.16000366210938
2016-03-30,98.91000366210938
2016-03-31,99.30999755859375
2016-04-01,99.06999969482422
2016-04-04,98.68000030517578
2016-04-05,97.0
2016-04-06,97.4800033569336
2016-04-07,96.16000366210938
2016-04-08,96.41999816894531
2016-04-11,96.2699966430664
2016-04-12,97.3499984741211
2016-04-13,99.4800033569336
2016-04-14,98.62999725341797
2016-04-15,98.58999633789062
2016-04-18,101.4800033569336
2016-04-19,102.63999938964844
2016-04-20,103.2699966430664
2016-04-21,102.91000366210938
2016-04-22,103.7699966430664
2016-04-25,104.56999969482422
2016-04-26,104.88999938964844
2016-04-27,105.27999877929688
2016-04-28,104.02999877929688
2016-04-29,103.26000213623047
2016-05-02,104.36000061035156
2016-05-03,103.77999877929688
2016-05-04,103.66999816894531
2016-05-05,104.93000030517578
2016-05-06,105.54000091552734
2016-05-09,105.33999633789062
2016-05-10,106.5999984741211
2016-05-11,102.29000091552734
2016-05-12,101.70999908447266
2016-05-13,100.5199966430664
2016-05-16,100.36000061035156
2016-05-17,99.94000244140625
2016-05-18,99.0
2016-05-19,98.41000366210938
2016-05-20,99.77999877929688
2016-05-23,99.18000030517578
2016-05-24,99.51000213623047
2016-05-25,99.86000061035156
2016-05-26,99.80999755859375
2016-05-27,100.29000091552734
2016-05-31,99.22000122070312
2016-06-01,98.5199966430664
2016-06-02,98.72000122070312
2016-06-03,98.75
2016-06-06,98.77999877929688
2016-06-07,98.3499984741211
2016-06-08,98.04000091552734
2016-06-09,97.83999633789062
2016-06-10,97.33999633789062
2016-06-13,97.56999969482422
2016-06-14,98.4000015258789
2016-06-15,98.2699966430664
2016-06-16,98.37999725341797
2016-06-17,99.0
2016-06-20,99.56999969482422
2016-06-21,98.81999969482422
2016-06-22,98.79000091552734
2016-06-23,99.0199966430664
2016-06-24,95.72000122070312
2016-06-27,94.37999725341797
2016-06-28,96.05000305175781
2016-06-29,96.9800033569336
2016-06-30,97.81999969482422
2016-07-01,98.02999877929688
2016-07-05,97.66000366210938
2016-07-06,98.44999694824219
2016-07-07,98.41000366210938
2016-07-08,99.62000274658203
2016-07-11,99.9800033569336
2016-07-12,100.19999694824219
2016-07-13,99.87999725341797
2016-07-14,99.97000122070312
2016-07-15,99.80000305175781
2016-07-18,100.1500015258789
2016-07-19,99.47000122070312
2016-07-20,98.22000122070312
2016-07-21,98.01000213623047
2016-07-22,97.70999908447266
2016-07-25,97.38999938964844
2016-07-26,96.69000244140625
2016-07-27,96.33000183105469
2016-07-28,95.91000366210938
2016-07-29,95.94999694824219
2016-08-01,95.54000091552734
2016-08-02,95.01000213623047
2016-08-03,96.08999633789062
2016-08-04,95.16000366210938
2016-08-05,95.83000183105469
2016-08-08,95.75
2016-08-09,96.66999816894531
2016-08-10,97.86000061035156
2016-08-11,97.7699966430664
2016-08-12,96.83999633789062
2016-08-15,97.0999984741211
2016-08-16,96.87999725341797
2016-08-17,96.87000274658203
2016-08-18,96.6500015258789
2016-08-19,96.38999938964844
2016-08-22,95.87000274658203
2016-08-23,95.97000122070312
2016-08-24,95.81999969482422
2016-08-25,95.55000305175781
2016-08-26,95.20999908447266
2016-08-29,94.87000274658203
2016-08-30,94.86000061035156
2016-08-31,94.45999908447266
2016-09-01,94.26000213623047
2016-09-02,94.41999816894531
2016-09-06,93.80000305175781
2016-09-07,93.70999908447266
2016-09-08,94.08999633789062
2016-09-09,92.41999816894531
2016-09-12,93.63999938964844
2016-09-13,92.69999694824219
2016-09-14,92.26000213623047
2016-09-15,92.5
2016-09-16,92.55999755859375
2016-09-19,92.62999725341797
2016-09-20,92.94999694824219
2016-09-21,92.38999938964844
2016-09-22,93.41000366210938
2016-09-23,93.2699966430664
2016-09-26,91.95999908447266
2016-09-27,91.72000122070312
2016-09-28,92.19999694824219
2016-09-29,91.80000305175781
2016-09-30,92.86000061035156
2016-10-03,92.48999786376953
2016-10-04,92.58999633789062
2016-10-05,92.44999694824219
2016-10-06,92.83000183105469
2016-10-07,92.48999786376953
2016-10-10,92.48999786376953
2016-10-11,91.86000061035156
2016-10-12,91.41000366210938
2016-10-13,91.12000274658203
2016-10-14,91.30000305175781
2016-10-17,90.83000183105469
2016-10-18,91.16999816894531
2016-10-19,91.93000030517578
2016-10-20,92.02999877929688
2016-10-21,93.02999877929688
2016-10-24,93.37000274658203
2016-10-25,92.75
2016-10-26,93.48999786376953
2016-10-27,94.0199966430664
2016-10-28,93.8499984741211
2016-10-31,92.69000244140625
2016-11-01,92.38999938964844
2016-11-02,91.91000366210938
2016-11-03,93.37000274658203
2016-11-04,92.44999694824219
2016-11-07,94.43000030517578
2016-11-08,94.37999725341797
2016-11-09,94.63999938964844
2016-11-10,94.95999908447266
2016-11-11,97.68000030517578
2016-11-14,97.91999816894531
2016-11-15,97.69999694824219
2016-11-16,99.12000274658203
2016-11-17,99.37000274658203
2016-11-18,98.23999786376953
2016-11-21,97.62999725341797
2016-11-22,97.70999908447266
2016-11-23,98.26000213623047
2016-11-25,98.81999969482422
2016-11-28,98.97000122070312
2016-11-29,99.66999816894531
2016-11-30,99.12000274658203
2016-12-01,98.94000244140625
2016-12-02,98.5
2016-12-05,99.95999908447266
2016-12-06,100.66000366210938
2016-12-07,101.98999786376953
2016-12-08,103.37999725341797
2016-12-09,104.86000061035156
2016-12-12,104.05999755859375
2016-12-13,103.8499984741211
2016-12-14,104.05000305175781
2016-12-15,104.38999938964844
2016-12-16,103.91000366210938
2016-12-19,105.30000305175781
2016-12-20,105.45999908447266
2016-12-21,105.55999755859375
2016-12-22,105.41999816894531
2016-12-23,105.1500015258789
2016-12-27,105.16999816894531
2016-12-28,104.30000305175781
2016-12-29,104.55999755859375
2016-12-30,104.22000122070312
2017-01-03,106.08000183105469
2017-01-04,107.44000244140625
2017-01-05,107.37999725341797
2017-01-06,108.9800033569336
2017-01-09,108.36000061035156
2017-01-10,108.37999725341797
2017-01-11,109.44000244140625
2017-01-12,107.52999877929688
2017-01-13,108.05999755859375
2017-01-17,107.97000122070312
2017-01-18,108.16000366210938
2017-01-19,107.27999877929688
2017-01-20,107.66000366210938
2017-01-23,107.12000274658203
2017-01-24,107.9000015258789
2017-01-25,108.04000091552734
2017-01-26,108.05999755859375
2017-01-27,109.30000305175781
2017-01-30,110.94000244140625
2017-01-31,110.6500015258789
2017-02-01,111.30000305175781
2017-02-02,110.61000061035156
2017-02-03,110.30000305175781
2017-02-06,109.56999969482422
2017-02-07,109.0
2017-02-08,109.0
2017-02-09,109.48999786376953
2017-02-10,109.26000213623047
2017-02-13,109.6500015258789
2017-02-14,110.33000183105469
2017-02-15,110.18000030517578
2017-02-16,110.70999908447266
2017-02-17,110.05999755859375
2017-02-21,110.01000213623047
2017-02-22,110.12000274658203
2017-02-23,109.7300033569336
2017-02-24,110.31999969482422
2017-02-27,110.2300033569336
2017-02-28,110.08999633789062
2017-03-01,111.04000091552734
2017-03-02,110.58999633789062
2017-03-03,111.23999786376953
2017-03-06,110.66999816894531
2017-03-07,110.86000061035156
2017-03-08,110.83999633789062
2017-03-09,111.02999877929688
2017-03-10,110.91999816894531
2017-03-13,111.5199966430664
2017-03-14,112.30999755859375
2017-03-15,111.87000274658203
2017-03-16,111.70999908447266
2017-03-17,111.76000213623047
2017-03-20,112.70999908447266
2017-03-21,111.75
2017-03-22,112.08000183105469
2017-03-23,112.23999786376953
2017-03-24,112.13999938964844
2017-03-27,112.37999725341797
2017-03-28,113.05000305175781
2017-03-29,112.52999877929688
2017-03-30,113.18000030517578
2017-03-31,113.38999938964844
2017-04-03,113.19999694824219
2017-04-04,113.04000091552734
2017-04-05,113.0
2017-04-06,113.05000305175781
2017-04-07,112.58000183105469
2017-04-10,112.43000030517578
2017-04-11,113.06999969482422
2017-04-12,113.04000091552734
2017-04-13,113.19999694824219
2017-04-17,113.77999877929688
2017-04-18,114.19000244140625
2017-04-19,113.7300033569336
2017-04-20,114.79000091552734
2017-04-21,114.44000244140625
2017-04-24,113.69999694824219
2017-04-25,115.18000030517578
2017-04-26,115.58000183105469
2017-04-27,115.83999633789062
2017-04-28,115.5999984741211
2017-05-01,114.7300033569336
2017-05-02,114.37000274658203
2017-05-03,111.62000274658203
2017-05-04,111.16999816894531
2017-05-05,111.98999786376953
2017-05-08,111.41999816894531
2017-05-09,112.06999969482422
2017-05-10,109.66000366210938
2017-05-11,109.58000183105469
2017-05-12,109.69000244140625
2017-05-15,109.12999725341797
2017-05-16,107.9800033569336
2017-05-17,106.30999755859375
2017-05-18,106.68000030517578
2017-05-19,107.5199966430664
2017-05-22,107.62999725341797
2017-05-23,107.0199966430664
2017-05-24,107.70999908447266
2017-05-25,107.2699966430664
2017-05-26,108.41000366210938
2017-05-30,108.33999633789062
2017-05-31,107.94000244140625
2017-06-01,108.20999908447266
2017-06-02,107.18000030517578
2017-06-05,106.5199966430664
2017-06-06,105.5
2017-06-07,105.91999816894531
2017-06-08,104.31999969482422
2017-06-09,105.62000274658203
2017-06-12,107.04000091552734
2017-06-13,106.55999755859375
2017-06-14,106.13999938964844
2017-06-15,105.9800033569336
2017-06-16,105.51000213623047
2017-06-19,105.37000274658203
2017-06-20,103.94000244140625
2017-06-21,104.80000305175781
2017-06-22,104.22000122070312
2017-06-23,104.36000061035156
2017-06-26,105.56999969482422
2017-06-27,105.41000366210938
2017-06-28,106.86000061035156
2017-06-29,105.70999908447266
2017-06-30,106.25
2017-07-03,107.45999908447266
2017-07-05,105.62999725341797
2017-07-06,103.3499984741211
2017-07-07,103.31999969482422
2017-07-10,103.58999633789062
2017-07-11,103.83999633789062
2017-07-12,104.37999725341797
2017-07-13,104.29000091552734
2017-07-14,105.08999633789062
2017-07-17,104.79000091552734
2017-07-18,105.75
2017-07-19,106.81999969482422
2017-07-20,107.36000061035156
2017-07-21,107.08999633789062
2017-07-24,107.0
2017-07-25,106.41999816894531
2017-07-26,106.94000244140625
2017-07-27,110.0
2017-07-28,109.95999908447266
2017-07-31,109.93000030517578
2017-08-01,110.61000061035156
2017-08-02,108.66999816894531
2017-08-03,109.12000274658203
2017-08-04,107.69000244140625
2017-08-07,106.3499984741211
2017-08-08,106.9800033569336
2017-08-09,102.83000183105469
2017-08-10,101.3499984741211
2017-08-11,101.98999786376953
2017-08-14,101.4000015258789
2017-08-15,101.51000213623047
2017-08-16,102.19999694824219
2017-08-17,101.37999725341797
2017-08-18,100.69999694824219
2017-08-21,101.16999816894531
2017-08-22,102.7699966430664
2017-08-23,101.5
2017-08-24,101.5199966430664
2017-08-25,102.41000366210938
2017-08-28,102.55999755859375
2017-08-29,102.56999969482422
2017-08-30,102.87000274658203
2017-08-31,101.19999694824219
2017-10-02,99.86000061035156
2017-10-03,100.79000091552734
2017-10-04,100.55000305175781
2017-10-05,100.11000061035156
2017-10-06,100.06999969482422
2017-10-09,99.56999969482422
2017-10-10,99.58000183105469
2017-10-11,98.55000305175781
2017-10-12,96.93000030517578
2017-10-13,97.37999725341797
2017-10-16,98.12999725341797
2017-10-17,98.36000061035156
2017-10-18,98.25
2017-10-19,99.01000213623047
2017-10-20,99.4000015258789
2017-10-23,98.69999694824219
2017-10-24,98.29000091552734
2017-10-25,97.80000305175781
2017-10-26,98.55999755859375
2017-10-27,98.30999755859375
2017-10-30,98.04000091552734
2017-10-31,97.80999755859375
2017-11-01,99.02999877929688
2017-11-02,98.3499984741211
2017-11-03,98.63999938964844
2017-11-06,100.63999938964844
2017-11-07,101.61000061035156
2017-11-08,101.18000030517578
2017-11-09,102.68000030517578
2017-11-10,104.77999877929688
2017-11-13,104.73999786376953
2017-11-14,103.16999816894531
2017-11-15,103.69000244140625
2017-11-16,103.5999984741211
2017-11-17,103.44000244140625
2017-11-20,102.75
2017-11-21,103.0
2017-11-22,102.73999786376953
2017-11-24,102.63999938964844
2017-11-27,102.79000091552734
2017-11-28,103.41000366210938
2017-11-29,105.23999786376953
2017-11-30,104.81999969482422
2017-12-01,105.25
2017-12-04,110.22000122070312
2017-12-05,107.22000122070312
2017-12-06,105.45999908447266
2017-12-07,105.26000213623047
2017-12-08,104.2300033569336
2017-12-11,106.83000183105469
2017-12-12,107.43000030517578
2017-12-13,107.61000061035156
2017-12-14,110.56999969482422
2017-12-15,111.2699966430664
2017-12-18,111.02999877929688
2017-12-19,111.80999755859375
2017-12-20,109.69000244140625
2017-12-21,109.56999969482422
2017-12-22,108.66999816894531
2017-12-26,108.12000274658203
2017-12-27,107.63999938964844
2017-12-28,107.7699966430664
2017-12-29,107.51000213623047
2018-04-02,98.66000366210938
2018-04-03,99.41999816894531
2018-04-04,100.94999694824219
2018-04-05,102.11000061035156
2018-04-06,100.3499984741211
2018-04-09,99.69999694824219
2018-04-10,101.37000274658203
2018-04-11,100.80000305175781
2018-04-12,100.38999938964844
2018-04-13,100.3499984741211
2018-04-16,100.23999786376953
2018-04-17,102.16999816894531
2018-04-18,101.20999908447266
2018-04-19,100.88999938964844
2018-04-20,100.23999786376953
2018-04-23,100.1500015258789
2018-04-24,99.45999908447266
2018-04-25,101.1500015258789
2018-04-26,99.83999633789062
2018-04-27,99.2300033569336
2018-04-30,100.33000183105469
2018-06-01,99.36000061035156
2018-06-04,100.23999786376953
2018-06-05,99.94000244140625
2018-06-06,101.91000366210938
2018-06-07,102.47000122070312
2018-06-08,103.9800033569336
2018-06-11,104.3499984741211
2018-06-12,104.33000183105469
2018-06-13,106.30999755859375
2018-06-14,108.75
2018-06-15,108.8499984741211
2018-06-18,107.05999755859375
2018-06-19,106.0999984741211
2018-06-20,107.1500015258789
2018-06-21,105.88999938964844
2018-06-22,106.33999633789062
2018-06-25,104.44999694824219
2018-06-26,104.26000213623047
2018-06-27,103.95999908447266
2018-06-28,104.7699966430664
2018-06-29,104.80999755859375
2018-07-02,105.33000183105469
2018-07-03,104.04000091552734
2018-07-05,105.33999633789062
2018-07-06,104.77999877929688
2018-07-09,106.0199966430664
2018-07-10,106.02999877929688
2018-07-11,108.04000091552734
2018-07-12,108.25
2018-07-13,110.0
2018-07-16,110.19999694824219
2018-07-17,110.30000305175781
2018-07-18,110.69000244140625
2018-07-19,112.12999725341797
2018-07-20,111.4800033569336
2018-07-23,111.08999633789062
2018-07-24,110.69999694824219
2018-07-25,111.18000030517578
2018-07-26,113.51000213623047
2018-07-27,112.62000274658203
2018-07-30,112.62999725341797
2018-07-31,113.55999755859375
2018-08-01,112.97000122070312
2018-08-02,112.75
2018-08-03,114.08999633789062
2018-08-06,115.94000244140625
2018-08-07,116.55999755859375
2018-08-08,113.9800033569336
2018-08-09,114.16000366210938
2018-08-10,112.68000030517578
2018-08-13,112.12000274658203
2018-08-14,112.75
2018-08-15,112.8499984741211
2018-08-16,112.4800033569336
2018-08-17,112.4800033569336
2018-08-20,111.98999786376953
2018-08-21,112.38999938964844
2018-08-22,111.94000244140625
2018-08-23,112.0
2018-08-24,111.93000030517578
2018-08-27,112.33000183105469
2018-08-28,112.58000183105469
2018-08-29,112.44999694824219
2018-08-30,111.91999816894531
2018-08-31,112.0199966430664
2018-09-04,110.8499984741211
2018-09-05,109.87000274658203
2018-09-06,110.26000213623047
2018-09-07,110.97000122070312
2018-09-10,110.68000030517578
2018-09-11,109.5999984741211
2018-09-12,109.45999908447266
2018-09-13,110.66999816894531
2018-09-14,109.26000213623047
2018-09-17,109.36000061035156
2018-09-18,109.52999877929688
2018-09-19,109.79000091552734
2018-09-20,111.62000274658203
2018-09-21,110.4000015258789
2018-09-24,112.7699966430664
2018-09-25,113.62999725341797
2018-09-26,115.20999908447266
2018-09-27,116.04000091552734
2018-09-28,116.94000244140625
2018-10-01,116.23999786376953
2018-10-02,117.66000366210938
2018-10-03,116.91000366210938
2018-10-04,116.12999725341797
2018-10-05,114.77999877929688
2018-10-08,116.0199966430664
2018-10-09,116.88999938964844
2018-10-10,112.86000061035156
2018-10-11,111.1500015258789
2018-10-12,112.61000061035156
2018-10-15,113.44000244140625
2018-10-16,116.19000244140625
2018-10-17,117.12999725341797
2018-10-18,116.18000030517578
2018-10-19,118.9000015258789
2018-10-22,118.2699966430664
2018-10-23,117.8499984741211
2018-10-24,111.61000061035156
2018-10-25,114.16000366210938
2018-10-26,113.19000244140625
2018-10-29,113.04000091552734
2018-10-30,114.76000213623047
2018-10-31,114.83000183105469
2018-11-01,116.0999984741211
2018-11-02,115.18000030517578
2018-11-05,115.44999694824219
2018-11-06,116.70999908447266
2018-11-07,117.05000305175781
2018-11-08,116.0
2018-11-09,118.0
2018-11-12,116.69999694824219
2018-11-13,116.8499984741211
2018-11-14,117.12000274658203
2018-11-15,117.11000061035156
2018-11-16,116.19000244140625
2018-11-19,115.41999816894531
2018-11-20,111.87000274658203
2018-11-21,113.02999877929688
2018-11-23,112.08000183105469
2018-11-26,112.55000305175781
2018-11-27,113.9000015258789
2018-11-28,116.0999984741211
2018-11-29,116.61000061035156
2018-11-30,115.48999786376953
2019-01-02,108.97000122070312
2019-01-03,106.33000183105469
2019-01-04,109.61000061035156
2019-01-07,110.55999755859375
2019-01-08,111.41999816894531
2019-01-09,112.66999816894531
2019-01-10,112.80000305175781
2019-01-11,112.6500015258789
2019-01-14,112.41999816894531
2019-01-15,111.76000213623047
2019-01-16,110.91000366210938
2019-01-17,111.01000213623047
2019-01-18,111.04000091552734
2019-01-22,110.5999984741211
2019-01-23,111.12000274658203
2019-01-24,110.55000305175781
2019-01-25,111.08999633789062
2019-01-28,110.80999755859375
2019-01-29,110.9000015258789
2019-01-30,110.12999725341797
2019-01-31,111.5199966430664
2019-02-01,111.30000305175781
2019-02-04,111.80000305175781
2019-02-05,112.66000366210938
2019-02-06,111.41000366210938
2019-02-07,110.94999694824219
2019-02-08,111.51000213623047
2019-02-11,109.44000244140625
2019-02-12,109.19999694824219
2019-02-13,110.19999694824219
2019-02-14,110.66000366210938
2019-02-15,112.58999633789062
2019-02-19,113.51000213623047
2019-02-20,113.68000030517578
2019-02-21,114.29000091552734
2019-02-22,115.25
2019-02-25,113.58999633789062
2019-02-26,113.5
2019-02-27,112.77999877929688
2019-02-28,112.83999633789062
2019-03-01,114.01000213623047
2019-03-04,114.33000183105469
2019-03-05,114.0
2019-03-06,114.8499984741211
2019-03-07,114.01000213623047
2019-03-08,113.80999755859375
2019-03-11,114.75
2019-03-12,114.7300033569336
2019-03-13,114.08999633789062
2019-03-14,114.4800033569336
2019-03-15,114.95999908447266
2019-03-18,113.12000274658203
2019-03-19,110.0
2019-03-20,109.98999786376953
2019-03-21,108.66000366210938
2019-03-22,108.2300033569336
2019-03-25,107.79000091552734
2019-03-26,110.13999938964844
2019-03-27,110.27999877929688
2019-03-28,110.70999908447266
2019-03-29,111.02999877929688
2019-04-01,112.51000213623047
2019-04-02,111.95999908447266
2019-04-03,112.5199966430664
2019-04-04,114.75
2019-04-05,115.0
2019-04-08,114.95999908447266
2019-04-09,116.86000061035156
2019-04-10,117.16000366210938
2019-04-11,116.5999984741211
2019-04-12,130.05999755859375
2019-04-15,132.0399932861328
2019-04-16,129.89999389648438
2019-04-17,131.75
2019-04-18,132.4499969482422
2019-04-22,131.67999267578125
2019-04-23,133.36000061035156
2019-04-24,135.10000610351562
2019-04-25,137.24000549316406
2019-04-26,139.9199981689453
2019-04-29,139.3000030517578
2019-04-30,136.97000122070312
2019-05-01,136.3800048828125
2019-05-02,134.13999938964844
2019-05-03,134.3300018310547
2019-05-06,135.0
2019-05-07,133.44000244140625
2019-05-08,134.99000549316406
2019-05-09,133.58999633789062
2019-05-10,134.0399932861328
2019-05-13,131.33999633789062
2019-05-14,133.1999969482422
2019-05-15,134.67999267578125
2019-05-16,135.5
2019-05-17,135.0399932861328
2019-05-20,133.91000366210938
2019-05-21,134.08999633789062
2019-05-22,133.85000610351562
2019-05-23,132.72999572753906
2019-05-24,132.7899932861328
2019-05-28,132.6199951171875
2019-05-29,131.57000732421875
2019-05-30,132.1999969482422
2019-05-31,132.0399932861328
2019-06-03,132.47000122070312
2019-06-04,134.82000732421875
2019-06-05,135.94000244140625
2019-06-06,137.2100067138672
2019-06-07,138.0399932861328
2019-06-10,137.07000732421875
2019-06-11,135.0800018310547
2019-06-12,135.72000122070312
2019-06-13,141.74000549316406
2019-06-14,141.64999389648438
2019-06-17,140.97000122070312
2019-06-18,139.24000549316406
2019-06-19,140.9199981689453
2019-06-20,142.02000427246094
2019-06-21,140.22999572753906
2019-06-24,139.22000122070312
2019-06-25,139.94000244140625
2019-06-26,140.39999389648438
2019-06-27,139.3000030517578
2019-06-28,139.63999938964844
2019-07-01,141.64999389648438
2019-07-02,142.52999877929688
2019-07-03,142.97999572753906
2019-07-05,142.4499969482422
2019-07-08,141.02000427246094
2019-07-09,141.61000061035156
2019-07-10,143.5399932861328
2019-07-11,143.55999755859375
2019-07-12,144.8800048828125
2019-07-15,145.05999755859375
2019-07-16,144.3000030517578
2019-07-17,142.57000732421875
2019-07-18,141.6300048828125
2019-07-19,139.85000610351562
2019-07-22,140.83999633789062
2019-07-23,141.25999450683594
2019-07-24,141.2899932861328
2019-07-25,143.2100067138672
2019-07-26,144.64999389648438
2019-07-29,146.38999938964844
2019-07-30,144.92999267578125
2019-07-31,143.00999450683594
2019-08-01,141.85000610351562
2019-08-02,141.7100067138672
2019-08-05,138.3000030517578
2019-08-06,141.8699951171875
2019-08-07,134.86000061035156
2019-08-08,137.88999938964844
2019-08-09,138.52000427246094
2019-08-12,135.75
2019-08-13,137.00999450683594
2019-08-14,132.85000610351562
2019-08-15,133.41000366210938
2019-08-16,135.1999969482422
2019-08-19,135.2899932861328
2019-08-20,135.1300048828125
2019-08-21,135.75999450683594
2019-08-22,136.0800018310547
2019-08-23,131.6699981689453
2019-08-26,134.61000061035156
2019-08-27,134.49000549316406
2019-08-28,136.5500030517578
2019-08-29,137.83999633789062
2019-08-30,137.25999450683594
2019-09-03,136.30999755859375
2019-09-04,137.88999938964844
2019-09-05,138.83999633789062
2019-09-06,139.5500030517578
2019-09-09,138.8300018310547
2019-09-10,135.7899932861328
2019-09-11,136.19000244140625
2019-09-12,137.5
2019-09-13,138.02000427246094
2019-09-16,135.8000030517578
2019-09-17,136.30999755859375
2019-09-18,136.8000030517578
2019-09-19,133.3000030517578
2019-09-20,132.27000427246094
2019-09-23,132.4600067138672
2019-09-24,131.97000122070312
2019-09-25,133.08999633789062
2019-09-26,131.27000427246094
2019-09-27,129.9600067138672
2019-09-30,130.32000732421875
2019-10-01,129.5500030517578
2019-10-02,129.13999938964844
2019-10-03,128.14999389648438
2019-10-04,130.27000427246094
2019-10-07,130.89999389648438
2019-10-08,128.47000122070312
2019-10-09,129.3300018310547
2019-10-10,129.33999633789062
2019-10-11,130.02000427246094
2019-10-14,129.6999969482422
2019-10-15,129.75999450683594
2019-10-16,130.86000061035156
2019-10-17,132.3699951171875
2019-10-18,130.88999938964844
2019-10-21,130.25999450683594
2019-10-22,132.39999389648438
2019-10-23,131.1300048828125
2019-10-24,130.25999450683594
2019-10-25,130.89999389648438
2019-10-28,130.52999877929688
2019-10-29,129.47999572753906
2019-10-30,129.60000610351562
2019-10-31,129.9199981689453
2019-11-01,132.75
2019-11-04,132.9199981689453
2019-11-05,131.4499969482422
2019-11-06,131.27000427246094
2019-11-07,132.9600067138672
2019-11-08,137.9600067138672
2019-11-11,136.74000549316406
2019-11-12,138.5800018310547
2019-11-13,148.72000122070312
2019-11-14,147.14999389648438
2019-11-15,144.6699981689453
2019-11-18,147.64999389648438
2019-11-19,148.3800048828125
2019-11-20,146.92999267578125
2019-11-21,146.89999389648438
2019-11-22,148.2899932861328
2019-11-25,149.69000244140625
2019-11-26,151.63999938964844
2019-11-27,151.47999572753906
2019-11-29,151.5800018310547
2019-12-02,150.6199951171875
2019-12-03,148.5800018310547
2019-12-04,148.27999877929688
2019-12-05,147.44000244140625
2019-12-06,147.66000366210938
2019-12-09,146.2100067138672
2019-12-10,146.10000610351562
2019-12-11,147.58999633789062
2019-12-12,147.75999450683594
2019-12-13,146.3800048828125
2019-12-16,148.4600067138672
2019-12-17,147.72999572753906
2019-12-18,146.25999450683594
2019-12-19,146.14999389648438
2019-12-20,146.8800048828125
2019-12-23,144.67999267578125
2019-12-24,145.2899932861328
2019-12-26,145.6999969482422
2019-12-27,145.75
2019-12-30,143.77000427246094
2019-12-31,144.6300048828125
2020-01-02,148.1999969482422
2020-01-03,146.5
2020-01-06,145.64999389648438
2020-01-07,145.6999969482422
2020-01-08,145.39999389648438
2020-01-09,144.8300018310547
2020-01-10,144.6199951171875
2020-01-13,143.8800048828125
2020-01-14,145.1999969482422
2020-01-15,144.32000732421875
2020-01-16,145.1199951171875
2020-01-17,144.3300018310547
2020-01-21,143.55999755859375
2020-01-22,144.00999450683594
2020-01-23,142.1999969482422
2020-01-24,140.0800018310547
2020-01-27,135.89999389648438
2020-01-28,138.3699951171875
2020-01-29,136.05999755859375
2020-01-30,137.80999755859375
2020-01-31,138.30999755859375
2020-02-03,141.32000732421875
2020-02-04,144.72999572753906
2020-02-05,141.3699951171875
2020-02-06,142.6999969482422
2020-02-07,141.02000427246094
2020-02-10,142.58999633789062
2020-02-11,141.00999450683594
2020-02-12,141.85000610351562
2020-02-13,140.89999389648438
2020-02-14,139.5399932861328
2020-02-18,139.13999938964844
2020-02-19,141.3000030517578
2020-02-20,140.3699951171875
2020-02-21,138.97000122070312
2020-02-24,133.00999450683594
2020-02-25,128.19000244140625
2020-02-26,123.36000061035156
2020-02-27,118.04000091552734
2020-02-28,117.6500015258789
2020-03-02,119.9800033569336
2020-03-03,116.44999694824219
2020-03-04,119.18000030517578
2020-03-05,113.9800033569336
2020-03-06,115.2699966430664
2020-03-09,104.3499984741211
2020-03-10,111.45999908447266
2020-03-11,105.51000213623047
2020-03-12,91.80999755859375
2020-03-13,102.5199966430664
2020-03-16,95.01000213623047
2020-03-17,93.52999877929688
2020-03-18,88.80000305175781
2020-03-19,94.93000030517578
2020-03-20,85.9800033569336
2020-03-23,85.76000213623047
2020-03-24,98.12000274658203
2020-03-25,100.7300033569336
2020-03-26,105.36000061035156
2020-03-27,96.4000015258789
2020-03-30,99.80000305175781
2020-03-31,96.5999984741211
2020-04-01,94.91999816894531
2020-04-02,96.97000122070312
2020-04-03,93.87999725341797
2020-04-06,99.58000183105469
2020-04-07,101.23999786376953
2020-04-08,101.06999969482422
2020-04-09,104.5
2020-04-13,103.5
2020-04-14,106.02999877929688
2020-04-15,103.37000274658203
2020-04-16,102.0199966430664
2020-04-17,106.62999725341797
2020-04-20,102.26000213623047
2020-04-21,100.54000091552734
2020-04-22,100.98999786376953
2020-04-23,101.0
2020-04-24,101.19000244140625
2020-04-27,106.05999755859375
2020-04-28,106.20999908447266
2020-04-29,112.25
2020-04-30,108.1500015258789
2020-05-01,105.5
2020-05-04,103.18000030517578
2020-05-05,101.05999755859375
2020-05-06,100.87999725341797
2020-05-07,105.56999969482422
2020-05-08,109.16000366210938
2020-05-11,107.7699966430664
2020-05-12,104.55999755859375
2020-05-13,102.91999816894531
2020-05-14,105.91000366210938
2020-05-15,109.05000305175781
2020-05-18,116.8499984741211
2020-05-19,114.37000274658203
2020-05-20,119.91999816894531
2020-05-21,117.83000183105469
2020-05-22,118.0199966430664
2020-05-26,120.94999694824219
2020-05-27,121.52999877929688
2020-05-28,116.75
2020-05-29,117.30000305175781
2020-06-01,118.7699966430664
2020-06-02,118.75
2020-06-03,122.18000030517578
2020-06-04,123.69000244140625
2020-06-05,124.81999969482422
2020-06-08,127.27999877929688
2020-06-09,123.88999938964844
2020-06-10,122.18000030517578
2020-06-11,112.63999938964844
2020-06-12,115.48999786376953
2020-06-15,117.08000183105469
2020-06-16,118.44000244140625
2020-06-17,117.6500015258789
2020-06-18,118.37000274658203
2020-06-19,114.3499984741211
2020-06-22,115.91999816894531
2020-06-23,116.58999633789062
2020-06-24,112.06999969482422
2020-06-25,111.36000061035156
2020-06-26,109.0999984741211
2020-06-29,111.5199966430664
2020-06-30,111.51000213623047
2020-07-01,113.01000213623047
2020-07-02,112.18000030517578
2020-07-06,114.43000030517578
2020-07-07,113.62999725341797
2020-07-08,116.66000366210938
2020-07-09,116.80999755859375
2020-07-10,119.33999633789062
2020-07-13,116.22000122070312
2020-07-14,118.66000366210938
2020-07-15,120.9000015258789
2020-07-16,119.43000030517578
2020-07-17,118.6500015258789
2020-07-20,117.79000091552734
2020-07-21,118.62000274658203
2020-07-22,119.02999877929688
2020-07-23,118.12000274658203
2020-07-24,117.61000061035156
2020-07-27,116.30999755859375
2020-07-28,116.18000030517578
2020-07-29,115.61000061035156
2020-07-30,115.66000366210938
2020-07-31,116.94000244140625
2020-08-03,116.3499984741211
2020-08-04,117.29000091552734
2020-08-05,127.61000061035156
2020-08-06,130.82000732421875
2020-08-07,129.92999267578125
2020-08-10,128.7899932861328
2020-08-11,130.49000549316406
2020-08-12,131.7899932861328
2020-08-13,130.9600067138672
2020-08-14,130.52999877929688
2020-08-17,129.3699951171875
2020-08-18,128.9199981689453
2020-08-19,127.7699966430664
2020-08-20,128.1199951171875
2020-08-21,127.44000244140625
2020-08-24,130.69000244140625
2020-08-25,129.7899932861328
2020-08-26,132.17999267578125
2020-08-27,133.72999572753906
2020-08-28,135.5399932861328
2020-08-31,131.8699951171875
2020-09-01,133.5500030517578
2020-09-02,135.38999938964844
2020-09-03,133.24000549316406
2020-09-04,131.99000549316406
2020-09-08,134.1999969482422
2020-09-09,133.36000061035156
2020-09-10,133.22000122070312
2020-09-11,131.75
2020-09-14,131.25
2020-09-15,131.24000549316406
2020-09-16,132.08999633789062
2020-09-17,130.22000122070312
2020-09-18,128.6300048828125
2020-09-21,125.41000366210938
2020-09-22,127.20999908447266
2020-09-23,123.27999877929688
2020-09-24,122.48999786376953
2020-09-25,124.0
2020-09-28,125.98999786376953
2020-09-29,125.4000015258789
2020-09-30,124.08000183105469
2020-10-01,123.30999755859375
2020-10-02,122.55000305175781
2020-10-05,123.37000274658203
2020-10-06,120.93000030517578
2020-10-07,122.91000366210938
2020-10-08,123.08999633789062
2020-10-09,124.9800033569336
2020-10-12,124.97000122070312
2020-10-13,128.9600067138672
2020-10-14,126.58999633789062
2020-10-15,127.36000061035156
2020-10-16,126.80999755859375
2020-10-19,124.2300033569336
2020-10-20,124.94999694824219
2020-10-21,126.62999725341797
2020-10-22,127.55999755859375
2020-10-23,128.35000610351562
2020-10-26,124.05999755859375
2020-10-27,123.30999755859375
2020-10-28,118.47000122070312
2020-10-29,121.54000091552734
2020-10-30,121.25
2020-11-02,120.12999725341797
2020-11-03,124.0199966430664
2020-11-04,125.06999969482422
2020-11-06,127.45999908447266
2020-11-09,142.58999633789062
2020-11-10,142.11000061035156
2020-11-11,137.82000732421875
2020-11-12,135.52000427246094
2020-11-13,138.36000061035156
2020-11-16,144.6699981689453
2020-11-17,144.5
2020-11-18,143.89999389648438
2020-11-19,141.72000122070312
2020-11-20,141.07000732421875
2020-11-23,145.97999572753906
2020-11-24,151.49000549316406
2020-11-25,149.08999633789062
2020-11-27,147.1300048828125
2020-11-30,148.00999450683594
2020-12-01,149.44000244140625
2020-12-02,153.61000061035156
2020-12-03,153.24000549316406
2020-12-04,154.13999938964844
2020-12-07,153.67999267578125
2020-12-08,153.72000122070312
2020-12-09,154.42999267578125
2020-12-10,154.69000244140625
2020-12-11,175.72000122070312
2020-12-14,169.3000030517578
2020-12-15,173.94000244140625
2020-12-16,173.1199951171875
2020-12-17,173.5500030517578
2020-12-18,172.88999938964844
2020-12-21,170.69000244140625
2020-12-22,170.4499969482422
2020-12-23,173.5500030517578
2020-12-24,173.72999572753906
2020-12-28,178.86000061035156
2020-12-29,177.3000030517578
2020-12-30,181.1699981689453
2020-12-31,181.17999267578125
2021-01-04,177.67999267578125
2021-01-05,178.44000244140625
2021-01-06,179.1199951171875
2021-01-07,178.5800018310547
2021-01-08,178.69000244140625
2021-01-11,179.08999633789062
2021-01-12,175.99000549316406
2021-01-13,176.1199951171875
2021-01-14,173.42999267578125
2021-01-15,171.44000244140625
2021-01-19,172.25999450683594
2021-01-20,173.63999938964844
2021-01-21,171.27999877929688
2021-01-22,172.77999877929688
2021-01-27,163.02999877929688
2021-01-28,171.8800048828125
2021-01-29,168.1699981689453
2021-02-01,170.97000122070312
2021-02-02,176.9600067138672
2021-02-03,176.42999267578125
2021-02-08,190.0
2021-02-09,188.2100067138672
2021-02-10,189.6300048828125
2021-02-11,190.91000366210938
2021-02-12,187.6699981689453
2021-02-16,186.35000610351562
2021-02-17,186.44000244140625
2021-02-18,183.0
2021-02-19,183.64999389648438
2021-02-22,191.75999450683594
2021-02-23,197.08999633789062
2021-02-24,197.50999450683594
2021-02-25,190.97999572753906
2021-02-26,189.0399932861328
2021-03-02,193.94000244140625
2021-03-03,192.25999450683594
2021-03-04,188.02999877929688
2021-03-05,189.99000549316406
2021-03-08,201.91000366210938
2021-03-09,194.50999450683594
2021-03-10,195.05999755859375
2021-03-11,196.75
2021-03-12,197.16000366210938
2021-03-15,196.75999450683594
2021-03-16,194.24000549316406
2021-03-17,195.24000549316406
2021-03-29,184.85000610351562
2021-03-30,185.52999877929688
2021-03-31,184.52000427246094
2021-04-01,188.97000122070312
2021-04-05,188.5
2021-04-06,189.72999572753906
2021-04-07,187.55999755859375
2021-04-08,187.32000732421875
2021-04-09,187.88999938964844
2021-04-14,187.4600067138672
2021-04-15,185.92999267578125
2021-04-16,187.25999450683594
2021-04-19,187.42999267578125
2021-04-20,182.7899932861328
2021-04-21,183.11000061035156
2021-04-22,182.75999450683594
2021-04-23,183.02000427246094
2021-04-26,184.27000427246094
2021-04-27,184.63999938964844
2021-04-28,183.38999938964844
2021-04-29,185.3300018310547
2021-04-30,186.02000427246094
2021-05-03,185.50999450683594
2021-05-04,184.25
2021-05-05,181.50999450683594
2021-05-06,181.7899932861328
2021-05-07,184.83999633789062
2021-05-10,184.3000030517578
2021-05-11,181.6699981689453
2021-05-12,177.85000610351562
2021-05-13,178.33999633789062
2021-05-14,173.6999969482422
2021-05-17,170.0800018310547
2021-05-18,169.67999267578125
2021-05-19,169.27000427246094
2021-05-20,171.36000061035156
2021-05-21,172.39999389648438
2021-05-24,174.30999755859375
2021-05-25,176.1699981689453
2021-05-26,176.47000122070312
2021-05-27,179.0399932861328
2021-05-28,178.64999389648438
2021-06-01,178.83999633789062
2021-06-02,177.0
2021-06-03,176.24000549316406
2021-06-04,177.17999267578125
2021-06-07,176.99000549316406
2021-06-08,176.3300018310547
2021-06-09,176.0399932861328
2021-06-10,176.57000732421875
2021-06-11,177.3800048828125
2021-06-14,178.17999267578125
2021-06-15,175.86000061035156
2021-06-16,174.66000366210938
2021-06-17,174.64999389648438
2021-06-18,172.4199981689453
2021-06-21,173.97000122070312
2021-06-22,173.5
2021-06-23,175.3300018310547
2021-06-24,177.92999267578125
2021-06-25,178.35000610351562
2021-06-28,176.57000732421875
2021-06-29,173.92999267578125
2021-06-30,175.77000427246094
2021-07-01,177.25999450683594
2021-07-02,177.11000061035156
2021-07-06,173.69000244140625
2021-07-07,172.82000732421875
2021-07-08,172.8000030517578
2021-07-09,177.0399932861328
2021-07-12,184.3800048828125
2021-07-13,183.64999389648438
2021-07-14,183.4199981689453
2021-07-15,184.14999389648438
2021-07-16,179.30999755859375
2021-07-19,172.9499969482422
2021-07-20,176.75
2021-07-21,176.88999938964844
2021-07-22,175.1300048828125
2021-07-23,176.13999938964844
2021-07-26,178.74000549316406
2021-07-27,179.5
2021-07-28,179.10000610351562
2021-07-29,178.35000610351562
2021-07-30,176.02000427246094
2021-08-02,175.5500030517578
2021-08-03,172.99000549316406
2021-08-04,172.5800018310547
2021-08-05,176.7100067138672
2021-08-06,177.1300048828125
2021-08-09,176.72000122070312
2021-08-10,177.07000732421875
2021-08-11,178.08999633789062
2021-08-12,179.2899932861328
2021-08-13,181.0800018310547
2021-08-16,179.08999633789062
2021-08-17,175.8300018310547
2021-08-18,174.74000549316406
2021-08-19,173.25
2021-08-20,175.1199951171875
2021-08-23,177.66000366210938
2021-08-24,178.47000122070312
2021-08-25,178.30999755859375
2021-08-26,176.55999755859375
2021-08-27,180.13999938964844
2021-08-30,179.97999572753906
2021-08-31,181.3000030517578
2021-09-01,183.47999572753906
2021-09-02,181.86000061035156
2021-09-03,181.0
2021-09-07,184.33999633789062
2021-09-08,185.14999389648438
2021-09-09,185.91000366210938
2021-09-10,184.1199951171875
2021-09-13,184.97999572753906
2021-09-14,182.39999389648438
2021-09-15,184.41000366210938
2021-09-16,183.33999633789062
2021-09-17,183.47000122070312
2021-09-20,178.61000061035156
2021-09-21,171.1699981689453
2021-09-22,173.64999389648438
2021-09-23,176.25
2021-09-24,176.0
2021-09-27,178.25999450683594
2021-09-28,174.52000427246094
2021-09-29,172.67999267578125
2021-09-30,169.1699981689453
2021-10-01,176.00999450683594
2021-10-04,173.4600067138672
2021-10-05,174.61000061035156
2021-10-06,175.47999572753906
2021-10-07,177.7100067138672
2021-10-08,176.74000549316406
2021-10-11,173.52000427246094
2021-10-12,173.1300048828125
2021-10-13,172.9600067138672
2021-10-14,174.41000366210938
2021-10-15,176.4600067138672
2021-10-18,171.13999938964844
2021-10-19,171.17999267578125
2021-10-20,170.5500030517578
2021-10-21,171.33999633789062
2021-10-22,169.4199981689453
2021-10-25,172.00999450683594
2021-10-26,172.0399932861328
2021-10-27,169.5500030517578
2021-10-28,169.67999267578125
2021-10-29,169.07000732421875
2021-11-01,170.19000244140625
2021-11-02,169.8300018310547
2021-11-03,170.0800018310547
2021-11-04,170.27999877929688
2021-11-05,175.6300048828125
2021-11-08,176.8699951171875
2021-11-09,175.11000061035156
2021-11-10,174.4499969482422
2021-11-11,162.11000061035156
2021-11-12,159.6300048828125
