Date,Sentiment
2011-11-14,4
2011-11-15,5
2011-11-16,3
2011-11-18,1
2011-11-21,4
2011-11-23,4
2011-11-28,5
2011-11-29,4
2011-11-30,5
2011-12-02,4
2011-12-05,3
2011-12-06,3
2011-12-07,5
2011-12-08,4
2011-12-09,4
2011-12-13,2
2011-12-14,5
2011-12-15,2
2011-12-20,4
2011-12-22,4
2011-12-27,4
2012-01-03,2
2012-01-05,2
2012-01-06,1
2012-01-09,3
2012-01-11,4
2012-01-18,2
2012-01-19,4
2012-01-23,3
2012-01-24,4
2012-01-25,3
2012-01-26,4
2012-01-27,4
2012-01-30,3
2012-01-31,3
2012-02-01,4
2012-02-03,3
2012-02-06,2
2012-02-07,2
2012-02-08,2
2012-02-09,3
2012-02-13,2
2012-02-14,2
2012-02-15,4
2012-02-17,4
2012-02-21,3
2012-02-22,4
2012-02-23,4
2012-02-24,3
2012-02-27,2
2012-02-28,4
2012-02-29,5
2012-03-01,3
2012-03-02,3
2012-03-05,2
2012-03-06,2
2012-03-08,2
2012-03-09,2
2012-03-12,4
2012-03-13,4
2012-03-14,2
2012-03-15,4
2012-03-16,3
2012-03-19,3
2012-03-21,1
2012-03-22,4
2012-03-23,3
2012-03-26,2
2012-03-27,3
2012-03-28,4
2012-03-30,4
2012-04-02,3
2012-04-03,4
2012-04-09,1
2012-04-10,3
2012-04-11,1
2012-04-12,4
2012-04-13,5
2012-04-16,4
2012-04-18,2
2012-04-19,3
2012-04-20,3
2012-04-23,1
2012-04-24,4
2012-04-25,4
2012-04-26,2
2012-04-27,4
2012-04-30,3
2012-05-01,4
2012-05-02,5
2012-05-03,3
2012-05-04,4
2012-05-07,4
2012-05-08,4
2012-05-09,4
2012-05-10,4
2012-05-11,2
2012-05-14,4
2012-05-15,3
2012-05-16,4
2012-05-18,1
2012-05-21,4
2012-05-22,4
2012-05-23,3
2012-05-24,4
2012-05-25,3
2012-05-29,3
2012-05-30,3
2012-05-31,4
2012-06-01,2
2012-06-04,4
2012-06-05,4
2012-06-06,5
2012-06-07,1
2012-06-08,2
2012-06-11,4
2012-06-13,5
2012-06-14,4
2012-06-18,4
2012-06-19,1
2012-06-20,3
2012-06-21,4
2012-06-22,3
2012-06-25,4
2012-06-26,2
2012-06-27,3
2012-06-28,4
2012-06-29,3
2012-07-02,3
2012-07-03,4
2012-07-05,3
2012-07-09,4
2012-07-10,4
2012-07-11,3
2012-07-12,4
2012-07-13,5
2012-07-16,4
2012-07-17,2
2012-07-19,3
2012-07-20,3
2012-07-23,5
2012-07-24,4
2012-07-25,4
2012-07-26,5
2012-07-27,4
2012-07-30,5
2012-07-31,4
2012-08-01,2
2012-08-02,2
2012-08-03,2
2012-08-06,4
2012-08-08,4
2012-08-09,3
2012-08-10,4
2012-08-13,4
2012-08-14,4
2012-08-15,1
2012-08-16,4
2012-08-17,3
2012-08-20,3
2012-08-21,3
2012-08-22,4
2012-08-23,4
2012-08-24,4
2012-08-27,3
2012-08-28,4
2012-08-29,3
2012-08-30,4
2012-08-31,3
2012-09-04,2
2012-09-05,2
2012-09-06,3
2012-09-07,3
2012-09-10,3
2012-09-11,3
2012-09-12,5
2012-09-13,4
2012-09-14,4
2012-09-17,4
2012-09-18,3
2012-09-19,3
2012-09-20,4
2012-09-21,3
2012-09-24,4
2012-09-25,4
2012-09-26,4
2012-09-27,3
2012-09-28,3
2012-10-01,3
2012-10-02,3
2012-10-03,2
2012-10-04,4
2012-10-05,4
2012-10-08,2
2012-10-09,4
2012-10-10,3
2012-10-12,4
2012-10-15,2
2012-10-16,3
2012-10-17,4
2012-10-18,2
2012-10-19,2
2012-10-22,4
2012-10-23,2
2012-10-24,3
2012-10-25,4
2012-10-31,3
2012-11-01,5
2012-11-02,3
2012-11-05,3
2012-11-06,4
2012-11-07,2
2012-11-08,4
2012-11-09,1
2012-11-12,4
2012-11-13,4
2012-11-15,3
2012-11-16,2
2012-11-20,3
2012-11-21,4
2012-11-23,3
2012-11-26,3
2012-11-27,4
2012-11-28,5
2012-11-29,4
2012-11-30,4
2012-12-03,5
2012-12-04,4
2012-12-05,2
2012-12-06,3
2012-12-07,4
2012-12-10,3
2012-12-11,3
2012-12-12,3
2012-12-13,4
2012-12-14,1
2012-12-17,3
2012-12-18,5
2012-12-19,5
2012-12-21,4
2012-12-26,3
2012-12-27,4
2012-12-28,4
2012-12-31,4
2014-01-02,4
2014-01-03,5
2014-01-06,3
2014-01-07,4
2014-01-08,4
2014-01-09,3
2014-01-10,3
2014-01-13,3
2014-01-14,3
2014-01-15,4
2014-01-16,2
2014-01-21,3
2014-01-22,3
2014-01-23,4
2014-01-27,3
2014-01-28,3
2014-01-29,2
2014-01-30,4
2014-01-31,3
2014-02-03,3
2014-02-04,2
2014-02-05,4
2014-02-06,4
2014-02-07,4
2014-02-10,3
2014-02-12,4
2014-02-13,4
2014-02-14,2
2014-02-18,4
2014-02-19,4
2014-02-20,3
2014-02-21,5
2014-02-24,4
2014-02-25,5
2014-02-26,3
2014-02-27,3
2014-02-28,4
2014-03-03,4
2014-03-04,3
2014-03-05,3
2014-03-06,3
2014-03-07,4
2014-03-10,5
2014-03-11,4
2014-03-12,4
2014-03-13,3
2014-03-14,3
2014-03-18,4
2014-03-19,4
2014-03-20,3
2014-03-21,5
2014-03-24,5
2014-03-25,4
2014-03-26,3
2014-03-27,4
2014-03-28,3
2014-03-31,2
2014-04-01,3
2014-04-02,3
2014-04-03,3
2014-04-04,3
2014-04-07,5
2014-04-08,3
2014-04-09,5
2014-04-10,5
2014-04-11,3
2014-04-14,4
2014-04-15,4
2014-04-16,2
2014-04-17,4
2014-04-21,4
2014-04-22,4
2014-04-23,4
2014-04-24,4
2014-04-28,2
2014-04-29,4
2014-04-30,2
2014-05-01,4
2014-05-05,4
2014-05-06,2
2014-05-07,4
2014-05-08,3
2014-05-09,2
2014-05-12,2
2014-05-13,4
2014-05-14,4
2014-05-15,4
2014-05-16,4
2014-05-19,3
2014-05-20,4
2014-05-21,4
2014-05-22,2
2014-05-23,1
2014-05-27,3
2014-05-28,4
2014-05-29,4
2014-06-03,4
2014-06-04,5
2014-06-05,5
2014-06-06,4
2014-06-10,3
2014-06-11,2
2014-06-12,4
2014-06-13,4
2014-06-17,3
2014-06-18,3
2014-06-19,2
2014-06-20,3
2014-06-23,4
2014-06-24,3
2014-06-25,5
2014-06-30,4
2014-07-01,5
2014-07-02,4
2014-07-07,4
2014-07-08,1
2014-07-09,4
2014-07-10,5
2014-07-11,4
2014-07-14,4
2014-07-16,1
2014-07-21,2
2014-07-22,2
2014-07-23,1
2014-07-24,2
2014-07-25,3
2014-07-28,4
2014-07-29,5
2014-07-30,5
2014-07-31,3
2014-08-01,3
2014-08-04,3
2014-08-05,4
2014-08-06,3
2014-08-07,3
2014-08-08,3
2014-08-11,4
2014-08-12,2
2014-08-13,4
2014-08-14,5
2014-08-18,4
2014-08-20,4
2014-08-21,3
2014-08-25,1
2014-08-27,2
2014-08-28,3
2014-08-29,3
2014-09-02,3
2014-09-03,4
2014-09-04,3
2014-09-05,3
2014-09-08,3
2014-09-09,2
2014-09-10,3
2014-09-11,1
2014-09-12,2
2014-09-15,3
2014-09-16,5
2014-09-17,1
2014-09-19,2
2014-09-22,1
2014-09-23,1
2014-09-25,3
2014-09-26,3
2014-09-29,3
2014-09-30,3
2014-10-02,4
2014-10-03,5
2014-10-06,5
2014-10-07,3
2014-10-08,4
2014-10-09,4
2014-10-10,5
2014-10-13,3
2014-10-14,3
2014-10-16,2
2014-10-17,3
2014-10-20,3
2014-10-21,2
2014-10-22,3
2014-10-23,4
2014-10-24,1
2014-10-27,2
2014-10-28,3
2014-10-30,1
2014-10-31,5
2014-11-03,2
2014-11-04,2
2014-11-05,3
2014-11-06,2
2014-11-07,1
2014-11-10,3
2014-11-11,3
2014-11-12,3
2014-11-13,4
2014-11-14,4
2014-11-17,4
2014-11-18,5
2014-11-19,4
2014-11-20,5
2014-11-21,5
2014-11-25,4
2014-11-26,5
2014-12-01,5
2014-12-03,4
2014-12-05,4
2014-12-08,5
2014-12-09,5
2014-12-10,5
2014-12-11,3
2014-12-12,3
2014-12-15,3
2014-12-16,5
2014-12-17,1
2014-12-18,2
2014-12-19,3
2014-12-22,2
2014-12-23,5
2014-12-24,2
2014-12-26,4
2014-12-29,3
2014-12-30,3
2015-01-02,4
2015-01-05,3
2015-01-06,5
2015-01-07,3
2015-01-08,2
2015-01-09,4
2015-01-12,3
2015-01-13,5
2015-01-14,2
2015-01-15,4
2015-01-16,4
2015-01-20,3
2015-01-21,3
2015-01-22,3
2015-01-23,3
2015-01-26,4
2015-01-27,3
2015-01-28,5
2015-01-29,4
2015-01-30,3
2015-02-02,3
2015-02-03,3
2015-02-04,2
2015-02-05,3
2015-02-06,2
2015-02-09,3
2015-02-10,3
2015-02-11,4
2015-02-12,2
2015-02-17,3
2015-02-18,4
2015-02-19,3
2015-02-20,3
2015-02-23,4
2015-02-24,1
2015-02-25,4
2015-02-26,4
2015-02-27,3
2015-03-02,2
2015-03-03,4
2015-03-04,3
2015-03-05,2
2015-03-06,3
2015-03-09,4
2015-03-10,4
2015-03-11,2
2015-03-12,3
2015-03-13,4
2015-03-16,4
2015-03-17,2
2015-03-18,4
2015-03-19,2
2015-03-20,3
2015-03-23,4
2015-03-24,2
2015-03-26,3
2015-03-27,3
2015-03-30,3
2015-03-31,3
2015-04-01,4
2015-04-02,3
2015-04-06,2
2015-04-07,3
2015-04-08,3
2015-04-09,4
2015-04-10,4
2015-04-13,3
2015-04-14,3
2015-04-15,4
2015-04-16,3
2015-04-17,3
2015-04-20,3
2015-04-21,4
2015-04-22,3
2015-04-23,3
2015-04-24,4
2015-04-27,3
2015-04-28,5
2015-04-29,4
2015-04-30,3
2015-05-01,4
2015-05-05,2
2015-05-06,2
2015-05-08,1
2015-05-11,3
2015-05-12,3
2015-05-13,3
2015-05-14,4
2015-05-15,3
2015-05-18,3
2015-05-19,2
2015-05-20,4
2015-05-21,3
2015-05-22,3
2015-05-26,4
2015-05-27,4
2015-05-28,4
2015-05-29,2
2015-06-01,3
2015-06-02,3
2015-06-03,4
2015-06-04,2
2015-06-05,3
2015-06-08,3
2015-06-09,4
2015-06-10,3
2015-06-11,4
2015-06-12,2
2015-06-15,3
2015-06-16,3
2015-06-17,4
2015-06-18,4
2015-06-19,3
2015-06-22,3
2015-06-23,4
2015-06-25,3
2015-06-26,3
2015-06-29,3
2015-06-30,3
2015-07-01,4
2015-07-02,2
2015-07-06,4
2015-07-07,3
2015-07-08,3
2015-07-09,2
2015-07-10,3
2015-07-13,4
2015-07-14,2
2015-07-15,3
2015-07-16,4
2015-07-17,4
2015-07-20,4
2015-07-21,4
2015-07-22,3
2015-07-23,4
2015-07-24,4
2015-07-27,2
2015-07-28,2
2015-07-29,4
2015-07-30,4
2015-07-31,4
2015-08-03,3
2015-08-04,2
2015-08-05,2
2015-08-06,3
2015-08-07,3
2015-08-10,3
2015-08-11,3
2015-08-12,4
2015-08-13,4
2015-08-14,3
2015-08-17,3
2015-08-18,4
2015-08-19,3
2015-08-20,2
2015-08-21,3
2015-08-24,3
2015-08-25,4
2015-08-26,3
2015-08-27,4
2015-08-28,5
2015-08-31,3
2015-09-01,3
2015-09-02,2
2015-09-03,3
2015-09-04,4
2015-09-08,4
2015-09-09,4
2015-09-10,2
2015-09-11,3
2015-09-14,4
2015-09-15,4
2015-09-16,4
2015-09-17,4
2015-09-18,1
2015-09-21,4
2015-09-22,4
2015-09-23,3
2015-09-24,4
2015-09-25,4
2015-09-28,4
2015-09-29,3
2015-09-30,3
2015-10-01,2
2015-10-02,3
2015-10-05,3
2015-10-06,3
2015-10-07,3
2015-10-08,3
2015-10-09,5
2015-10-12,3
2015-10-13,5
2015-10-14,2
2015-10-15,4
2015-10-16,4
2015-10-19,2
2015-10-20,2
2015-10-21,4
2015-10-22,2
2015-10-23,4
2015-10-26,4
2015-10-27,3
2015-10-28,2
2015-10-29,4
2015-10-30,3
2015-11-02,2
2015-11-03,3
2015-11-04,3
2015-11-05,2
2015-11-06,4
2015-11-09,2
2015-11-10,4
2015-11-11,3
2015-11-12,5
2015-11-13,4
2015-11-16,5
2015-11-17,4
2015-11-18,4
2015-11-19,3
2015-11-20,4
2015-11-23,3
2015-11-24,4
2015-11-25,1
2015-11-27,4
2015-11-30,3
2015-12-01,1
2015-12-02,3
2015-12-03,3
2015-12-04,4
2015-12-07,2
2015-12-08,3
2015-12-09,4
2015-12-10,2
2015-12-11,4
2015-12-14,2
2015-12-15,2
2015-12-16,3
2015-12-17,3
2015-12-18,3
2015-12-21,3
2015-12-22,3
2015-12-23,4
2015-12-24,4
2015-12-28,2
2015-12-29,2
2015-12-30,4
2015-12-31,3
2016-01-04,4
2016-01-05,4
2016-01-06,4
2016-01-07,3
2016-01-08,3
2016-01-11,4
2016-01-12,3
2016-01-13,4
2016-01-14,2
2016-01-15,3
2016-01-19,3
2016-01-20,3
2016-01-21,4
2016-01-22,2
2016-01-25,4
2016-01-26,1
2016-01-27,2
2016-01-28,3
2016-01-29,4
2016-02-01,3
2016-02-02,4
2016-02-03,4
2016-02-04,4
2016-02-05,1
2016-02-08,3
2016-02-09,4
2016-02-10,4
2016-02-12,3
2016-02-16,5
2016-02-17,1
2016-02-18,3
2016-02-19,3
2016-02-22,3
2016-02-23,4
2016-02-25,4
2016-02-26,4
2016-02-29,5
2016-03-01,4
2016-03-02,5
2016-03-03,2
2016-03-04,4
2016-03-07,2
2016-03-09,4
2016-03-10,4
2016-03-11,4
2016-03-14,2
2016-03-15,4
2016-03-16,3
2016-03-17,3
2016-03-18,2
2016-03-21,3
2016-03-22,1
2016-03-23,2
2016-03-24,4
2016-03-28,3
2016-03-29,4
2016-03-30,5
2016-03-31,3
2016-04-01,1
2016-04-04,2
2016-04-05,4
2016-04-06,3
2016-04-07,3
2016-04-08,5
2016-04-12,3
2016-04-13,3
2016-04-14,2
2016-04-15,4
2016-04-18,4
2016-04-19,3
2016-04-20,1
2016-04-22,3
2016-04-25,4
2016-04-26,3
2016-04-27,2
2016-04-29,4
2016-05-02,3
2016-05-03,4
2016-05-06,3
2016-05-09,2
2016-05-10,2
2016-05-11,5
2016-05-12,2
2016-05-13,4
2016-05-16,3
2016-05-17,4
2016-05-18,3
2016-05-19,3
2016-05-20,2
2016-05-23,2
2016-05-24,3
2016-05-25,2
2016-05-26,4
2016-05-27,2
2016-05-31,4
2016-06-01,2
2016-06-02,2
2016-06-03,3
2016-06-06,3
2016-06-08,4
2016-06-09,4
2016-06-10,3
2016-06-13,3
2016-06-15,2
2016-06-16,3
2016-06-17,4
2016-06-20,3
2016-06-21,4
2016-06-22,1
2016-06-24,4
2016-06-27,4
2016-06-28,4
2016-06-29,4
2016-06-30,4
2016-07-01,2
2016-07-05,4
2016-07-06,4
2016-07-07,3
2016-07-08,2
2016-07-11,4
2016-07-12,2
2016-07-13,3
2016-07-14,5
2016-07-15,4
2016-07-18,3
2016-07-20,2
2016-07-21,2
2016-07-22,3
2016-07-25,4
2016-07-26,4
2016-07-27,3
2016-07-28,4
2016-07-29,3
2016-08-01,3
2016-08-02,3
2016-08-03,2
2016-08-04,5
2016-08-05,5
2016-08-08,2
2016-08-09,4
2016-08-10,3
2016-08-11,4
2016-08-12,5
2016-08-15,4
2016-08-16,4
2016-08-17,2
2016-08-18,3
2016-08-22,3
2016-08-23,2
2016-08-24,4
2016-08-25,3
2016-08-26,4
2016-08-29,3
2016-08-30,3
2016-08-31,3
2016-09-01,2
2016-09-02,2
2016-09-06,3
2016-09-07,2
2016-09-08,2
2016-09-09,5
2016-09-13,3
2016-09-14,3
2016-09-15,2
2016-09-16,2
2016-09-19,3
2016-09-20,5
2016-09-21,3
2016-09-22,2
2016-09-26,4
2016-09-28,5
2016-09-29,3
2016-09-30,3
2016-10-03,4
2016-10-04,3
2016-10-05,3
2016-10-06,1
2016-10-07,4
2016-10-11,4
2016-10-12,5
2016-10-13,3
2016-10-14,4
2016-10-17,4
2016-10-18,3
2016-10-19,3
2016-10-20,4
2016-10-24,2
2016-10-25,3
2016-10-26,5
2016-10-27,3
2016-10-28,3
2016-10-31,3
2016-11-01,3
2016-11-02,4
2016-11-03,1
2016-11-04,3
2016-11-07,4
2016-11-08,4
2016-11-09,3
2016-11-11,5
2016-11-14,3
2016-11-15,3
2016-11-17,4
2016-11-18,4
2016-11-21,3
2016-11-22,3
2016-11-23,4
2016-11-25,4
2016-11-28,4
2016-11-29,4
2016-11-30,3
2016-12-01,3
2016-12-02,3
2016-12-05,2
2016-12-06,2
2016-12-07,3
2016-12-08,3
2016-12-09,5
2016-12-12,4
2016-12-13,3
2016-12-14,4
2016-12-15,3
2016-12-16,1
2016-12-19,2
2016-12-20,3
2016-12-21,3
2016-12-22,4
2016-12-23,5
2016-12-27,5
2016-12-28,3
2016-12-29,3
2016-12-30,4
2017-01-03,4
2017-01-04,4
2017-01-05,4
2017-01-06,2
2017-01-09,3
2017-01-10,5
2017-01-11,3
2017-01-12,4
2017-01-13,2
2017-01-17,2
2017-01-18,4
2017-01-19,4
2017-01-20,1
2017-01-23,4
2017-01-24,4
2017-01-25,4
2017-01-26,2
2017-01-27,3
2017-01-30,4
2017-01-31,3
2017-02-01,2
2017-02-03,3
2017-02-06,2
2017-02-07,2
2017-02-08,3
2017-02-09,4
2017-02-10,2
2017-02-13,5
2017-02-14,3
2017-02-15,4
2017-02-16,4
2017-02-17,4
2017-02-21,1
2017-02-22,4
2017-02-23,2
2017-02-24,5
2017-02-27,4
2017-02-28,2
2017-03-01,4
2017-03-02,4
2017-03-03,3
2017-03-06,4
2017-03-07,3
2017-03-08,2
2017-03-09,3
2017-03-10,4
2017-03-13,3
2017-03-14,2
2017-03-15,3
2017-03-16,4
2017-03-17,4
2017-03-20,5
2017-03-21,3
2017-03-22,3
2017-03-23,3
2017-03-24,2
2017-03-27,3
2017-03-28,3
2017-03-29,4
2017-03-30,3
2017-03-31,3
2017-04-03,3
2017-04-04,4
2017-04-05,3
2017-04-06,1
2017-04-07,2
2017-04-10,4
2017-04-11,2
2017-04-12,3
2017-04-13,4
2017-04-17,3
2017-04-18,2
2017-04-19,4
2017-04-20,4
2017-04-21,4
2017-04-24,3
2017-04-25,2
2017-04-26,4
2017-04-27,3
2017-04-28,3
2017-05-01,4
2017-05-02,2
2017-05-03,2
2017-05-04,5
2017-05-05,2
2017-05-08,2
2017-05-09,3
2017-05-10,2
2017-05-11,4
2017-05-15,4
2017-05-16,5
2017-05-17,3
2017-05-18,3
2017-05-19,4
2017-05-23,2
2017-05-24,3
2017-05-25,3
2017-05-26,2
2017-05-30,4
2017-05-31,3
2017-06-01,2
2017-06-02,4
2017-06-06,2
2017-06-07,3
2017-06-08,3
2017-06-09,3
2017-06-12,4
2017-06-13,3
2017-06-14,5
2017-06-15,5
2017-06-16,2
2017-06-19,1
2017-06-20,3
2017-06-21,3
2017-06-22,4
2017-06-23,5
2017-06-26,4
2017-06-27,3
2017-06-28,4
2017-06-29,4
2017-06-30,1
2017-07-03,3
2017-07-05,3
2017-07-06,2
2017-07-07,5
2017-07-10,3
2017-07-11,4
2017-07-13,4
2017-07-14,2
2017-07-17,3
2017-07-18,4
2017-07-19,3
2017-07-20,3
2017-07-21,4
2017-07-24,3
2017-07-25,3
2017-07-26,4
2017-07-28,3
2017-07-31,3
2017-08-01,3
2017-08-02,2
2017-08-03,5
2017-08-04,4
2017-08-07,4
2017-08-08,4
2017-08-09,3
2017-08-10,3
2017-08-11,5
2017-08-14,3
2017-08-15,4
2017-08-16,5
2017-08-17,3
2017-08-18,4
2017-08-22,3
2017-08-23,4
2017-08-28,4
2017-08-29,3
2017-08-30,2
2017-08-31,3
2017-09-01,2
2017-09-06,2
2017-09-07,2
2017-09-08,3
2017-09-11,2
2017-09-12,5
2017-09-13,4
2017-09-15,3
2017-09-18,4
2017-09-19,2
2017-09-20,2
2017-09-22,2
2017-09-25,3
2017-09-26,4
2017-09-27,4
2017-09-28,2
2017-09-29,5
2017-10-02,5
2017-10-03,2
2017-10-04,2
2017-10-05,4
2017-10-06,2
2017-10-09,4
2017-10-10,3
2017-10-11,2
2017-10-12,3
2017-10-13,4
2017-10-16,3
2017-10-17,1
2017-10-18,1
2017-10-19,3
2017-10-20,3
2017-10-23,4
2017-10-24,4
2017-10-25,4
2017-10-26,4
2017-10-27,1
2017-10-30,2
2017-10-31,4
2017-11-01,3
2017-11-02,4
2017-11-03,4
2017-11-07,1
2017-11-08,5
2017-11-09,2
2017-11-13,5
2017-11-14,4
2017-11-15,3
2017-11-16,4
2017-11-17,5
2017-11-20,4
2017-11-21,4
2017-11-22,3
2017-11-24,3
2017-11-27,4
2017-11-28,3
2017-11-29,3
2017-11-30,2
2017-12-01,2
2017-12-04,4
2017-12-05,4
2017-12-06,3
2017-12-07,2
2017-12-11,1
2017-12-12,1
2017-12-13,2
2017-12-14,3
2017-12-15,2
2017-12-18,2
2017-12-19,3
2017-12-20,1
2017-12-21,4
2017-12-22,2
2017-12-26,3
2017-12-27,3
2017-12-28,2
2017-12-29,2
2018-01-02,4
2018-01-03,5
2018-01-04,5
2018-01-05,2
2018-01-08,3
2018-01-09,1
2018-01-10,3
2018-01-11,1
2018-01-12,4
2018-01-16,4
2018-01-17,4
2018-01-18,4
2018-01-19,3
2018-01-22,4
2018-01-24,1
2018-01-25,1
2018-01-26,4
2018-01-29,2
2018-01-31,1
2018-02-01,4
2018-02-02,3
2018-02-05,3
2018-02-07,3
2018-02-08,3
2018-02-09,2
2018-02-12,4
2018-02-13,3
2018-02-14,2
2018-02-15,3
2018-02-16,3
2018-02-20,3
2018-02-21,2
2018-02-22,3
2018-02-23,3
2018-02-26,1
2018-02-27,1
2018-02-28,3
2018-03-01,2
2018-03-02,3
2018-03-05,4
2018-03-06,5
2018-03-07,4
2018-03-08,2
2018-03-09,1
2018-03-12,2
2018-03-13,3
2018-03-14,1
2018-03-15,2
2018-03-16,3
2018-03-19,3
2018-03-20,4
2018-03-21,5
2018-03-22,4
2018-03-23,5
2018-03-26,3
2018-03-27,4
2018-03-28,4
2018-03-29,3
2018-04-03,3
2018-04-04,5
2018-04-05,5
2018-04-06,5
2018-04-09,3
2018-04-10,2
2018-04-11,2
2018-04-12,5
2018-04-13,1
2018-04-17,2
2018-04-18,3
2018-04-19,4
2018-04-20,2
2018-04-23,3
2018-04-24,2
2018-04-25,3
2018-04-26,4
2018-04-27,4
2018-04-30,3
2018-05-01,3
2018-05-02,2
2018-05-03,3
2018-05-04,3
2018-05-07,4
2018-05-08,1
2018-05-09,3
2018-05-10,3
2018-05-11,3
2018-05-14,3
2018-05-15,4
2018-05-16,4
2018-05-17,1
2018-05-18,4
2018-05-21,5
2018-05-22,3
2018-05-23,5
2018-05-24,2
2018-05-25,2
2018-05-29,2
2018-05-30,4
2018-05-31,2
2018-06-01,4
2018-06-04,3
2018-06-05,2
2018-06-06,3
2018-06-07,3
2018-06-08,3
2018-06-11,2
2018-06-12,4
2018-06-13,3
2018-06-14,4
2018-06-18,4
2018-06-19,3
2018-06-20,3
2018-06-21,2
2018-06-22,3
2018-06-25,4
2018-06-26,3
2018-06-27,3
2018-06-28,4
2018-06-29,2
2018-07-02,4
2018-07-03,2
2018-07-05,4
2018-07-06,4
2018-07-09,2
2018-07-10,4
2018-07-11,2
2018-07-12,3
2018-07-13,4
2018-07-16,3
2018-07-17,4
2018-07-18,3
2018-07-19,3
2018-07-20,3
2018-07-23,4
2018-07-24,3
2018-07-25,3
2018-07-26,3
2018-07-27,4
2018-07-30,2
2018-07-31,5
2018-08-01,4
2018-08-02,4
2018-08-03,4
2018-08-06,3
2018-08-07,4
2018-08-08,3
2018-08-09,3
2018-08-10,4
2018-08-13,3
2018-08-14,3
2018-08-15,2
2018-08-16,2
2018-08-17,3
2018-08-20,3
2018-08-21,3
2018-08-22,4
2018-08-23,4
2018-08-24,3
2018-08-27,4
2018-08-28,5
2018-08-29,3
2018-08-31,4
2018-09-04,3
2018-09-05,3
2018-09-06,4
2018-09-07,3
2018-09-10,5
2018-09-11,2
2018-09-12,4
2018-09-13,4
2018-09-14,3
2018-09-17,2
2018-09-18,4
2018-09-19,2
2018-09-20,3
2018-09-21,5
2018-09-24,4
2018-09-25,2
2018-09-26,3
2018-09-28,4
2018-10-02,2
2018-10-03,2
2018-10-04,4
2018-10-05,3
2018-10-08,3
2018-10-09,3
2018-10-10,3
2018-10-11,4
2018-10-12,4
2018-10-15,3
2018-10-16,4
2018-10-17,3
2018-10-18,5
2018-10-19,4
2018-10-22,3
2018-10-23,3
2018-10-24,4
2018-10-25,3
2018-10-26,3
2018-10-29,2
2018-10-30,2
2018-10-31,4
2018-11-01,4
2018-11-02,2
2018-11-05,4
2018-11-06,4
2018-11-07,2
2018-11-08,3
2018-11-09,4
2018-11-12,4
2018-11-13,2
2018-11-14,4
2018-11-15,4
2018-11-16,3
2018-11-19,4
2018-11-20,3
2018-11-21,4
2018-11-23,4
2018-11-26,3
2018-11-27,3
2018-11-28,3
2018-11-29,3
2018-11-30,2
2018-12-03,3
2018-12-04,3
2018-12-06,3
2018-12-07,3
2018-12-10,3
2018-12-11,4
2018-12-12,3
2018-12-13,3
2018-12-14,3
2018-12-17,3
2018-12-18,3
2018-12-19,3
2018-12-20,2
2018-12-21,1
2018-12-24,4
2018-12-26,2
2018-12-27,3
2018-12-28,4
2018-12-31,4
2019-01-02,4
2019-01-03,3
2019-01-04,3
2019-01-07,3
2019-01-08,4
2019-01-09,4
2019-01-10,2
2019-01-11,5
2019-01-14,3
2019-01-15,4
2019-01-16,4
2019-01-17,4
2019-01-18,3
2019-01-22,2
2019-01-23,4
2019-01-24,2
2019-01-25,3
2019-01-28,2
2019-01-29,4
2019-01-30,3
2019-01-31,3
2019-02-01,4
2019-02-04,4
2019-02-05,3
2019-02-06,3
2019-02-07,1
2019-02-08,4
2019-02-11,2
2019-02-12,3
2019-02-13,4
2019-02-14,3
2019-02-15,3
2019-02-19,3
2019-02-20,3
2019-02-21,2
2019-02-22,3
2019-02-25,3
2019-02-26,3
2019-02-27,3
2019-02-28,3
2019-03-01,4
2019-03-04,4
2019-03-05,3
2019-03-06,2
2019-03-07,3
2019-03-08,2
2019-03-11,3
2019-03-12,3
2019-03-13,4
2019-03-14,4
2019-03-15,4
2019-03-18,5
2019-03-19,4
2019-03-20,3
2019-03-21,3
2019-03-22,3
2019-03-25,3
2019-03-26,3
2019-03-28,2
2019-03-29,4
2019-04-01,3
2019-04-02,3
2019-04-03,2
2019-04-04,4
2019-04-05,2
2019-04-08,3
2019-04-09,4
2019-04-10,4
2019-04-11,3
2019-04-12,3
2019-04-15,3
2019-04-16,4
2019-04-17,3
2019-04-18,4
2019-04-22,3
2019-04-23,3
2019-04-24,2
2019-04-25,3
2019-04-26,2
2019-04-29,2
2019-04-30,4
2019-05-01,3
2019-05-02,2
2019-05-03,4
2019-05-06,4
2019-05-07,4
2019-05-08,4
2019-05-09,3
2019-05-10,2
2019-05-13,3
2019-05-14,4
2019-05-15,3
2019-05-16,5
2019-05-17,4
2019-05-20,3
2019-05-21,2
2019-05-22,2
2019-05-23,4
2019-05-24,3
2019-05-28,2
2019-05-29,3
2019-05-30,3
2019-05-31,3
2019-06-03,3
2019-06-04,2
2019-06-05,3
2019-06-06,4
2019-06-07,3
2019-06-10,3
2019-06-11,4
2019-06-12,3
2019-06-13,2
2019-06-14,2
2019-06-17,3
2019-06-18,3
2019-06-19,3
2019-06-20,2
2019-06-21,4
2019-06-24,3
2019-06-25,3
2019-06-26,2
2019-06-27,3
2019-06-28,3
2019-07-01,3
2019-07-02,2
2019-07-03,2
2019-07-05,3
2019-07-08,3
2019-07-09,3
2019-07-15,3
2019-07-24,5
2019-08-20,1
2019-09-09,4
2019-09-10,3
2019-09-11,4
2019-09-12,2
2019-09-13,2
2019-09-16,2
2019-09-17,3
2019-09-18,4
2019-09-19,3
2019-09-20,3
2019-09-23,2
2019-09-24,3
2019-09-25,4
2019-09-26,3
2019-09-27,5
2019-09-30,3
2019-10-01,2
2019-10-02,5
2019-10-03,3
2019-10-04,3
2019-10-08,4
2019-10-09,1
2019-10-10,5
2019-11-19,1
2020-01-02,3
2020-01-03,4
2020-01-28,2
2020-01-30,1
2020-03-12,1
2020-03-18,4
2020-03-19,2
2020-03-26,1
2020-03-30,1
2020-03-31,2
2020-04-09,5
2020-04-13,2
2020-04-14,3
2020-04-16,3
2020-04-17,2
2020-04-20,4
2020-04-22,3
2020-05-05,5
2020-05-07,4
2020-05-11,1
2020-05-14,1
2020-05-15,3
2020-05-29,2
2020-06-01,5
2020-06-02,3
2020-06-03,3
2020-06-08,4
2020-06-09,4
2020-06-10,3
2020-06-11,4
2020-06-12,4
2020-06-15,3
2020-06-19,4
2020-06-22,3
2020-06-23,4
2020-06-24,3
2020-06-26,3
2020-06-29,3
2020-06-30,1
2020-07-06,4
2020-07-14,4
2020-07-15,4
2020-07-20,2
2020-07-21,2
2020-07-22,4
2020-07-23,4
2020-07-24,4
2020-09-18,1
2020-10-01,5
2020-11-16,3
2020-11-17,2
2020-11-18,1
2020-11-19,3
2020-12-10,4
2020-12-16,3
2020-12-18,4
2021-01-11,4
2021-01-12,3
2021-01-28,2
2021-02-01,1
2021-02-02,2
2021-02-03,2
2021-02-04,4
2021-02-24,3
2021-02-25,2
2021-02-26,4
2021-03-03,4
2021-03-04,1
2021-03-05,2
2021-03-09,1
2021-06-11,4
2021-06-14,3
2021-06-15,4
2021-06-16,4
2021-06-17,1
2021-06-18,5
2021-10-05,4
2021-10-27,4
