Date,Close_Price
2011-11-14,36.11999893188477
2011-11-15,36.45000076293945
2011-11-16,35.529998779296875
2011-11-18,35.630001068115234
2011-11-21,34.330001831054695
2011-11-23,33.400001525878906
2011-11-28,34.06999969482422
2011-11-29,34.0
2011-11-30,35.849998474121094
2011-12-02,36.61000061035156
2011-12-05,36.93999862670898
2011-12-06,36.83000183105469
2011-12-07,37.099998474121094
2011-12-08,35.91999816894531
2011-12-09,36.560001373291016
2011-12-13,36.33000183105469
2011-12-14,35.15999984741211
2011-12-15,35.189998626708984
2011-12-20,36.16999816894531
2011-12-22,36.95000076293945
2011-12-27,37.61000061035156
2012-01-03,38.310001373291016
2012-01-05,39.5
2012-01-06,39.90999984741211
2012-01-09,39.75
2012-01-11,38.70000076293945
2012-01-18,39.02000045776367
2012-01-19,39.43999862670898
2012-01-23,39.25
2012-01-24,39.25
2012-01-25,39.560001373291016
2012-01-26,39.349998474121094
2012-01-27,39.25
2012-01-30,38.9900016784668
2012-01-31,38.900001525878906
2012-02-01,39.33000183105469
2012-02-03,40.0
2012-02-06,40.459999084472656
2012-02-07,40.97999954223633
2012-02-08,41.27000045776367
2012-02-09,41.52999877929688
2012-02-13,41.790000915527344
2012-02-14,41.599998474121094
2012-02-15,41.25
2012-02-17,41.75
2012-02-21,41.56999969482422
2012-02-22,41.27000045776367
2012-02-23,41.47999954223633
2012-02-24,41.310001373291016
2012-02-27,41.63999938964844
2012-02-28,41.93000030517578
2012-02-29,41.9900016784668
2012-03-01,42.38999938964844
2012-03-02,42.36000061035156
2012-03-05,42.70000076293945
2012-03-06,42.0
2012-03-08,42.02000045776367
2012-03-09,42.2400016784668
2012-03-12,42.34000015258789
2012-03-13,44.0099983215332
2012-03-14,43.47999954223633
2012-03-15,43.47000122070313
2012-03-16,43.18999862670898
2012-03-19,43.43999862670898
2012-03-21,43.27000045776367
2012-03-22,43.290000915527344
2012-03-23,43.650001525878906
2012-03-26,44.38000106811523
2012-03-27,44.150001525878906
2012-03-28,43.5099983215332
2012-03-30,43.77999877929688
2012-04-02,43.84000015258789
2012-04-03,43.290000915527344
2012-04-09,42.11000061035156
2012-04-10,40.9900016784668
2012-04-11,41.36999893188477
2012-04-12,42.150001525878906
2012-04-13,41.849998474121094
2012-04-16,41.65999984741211
2012-04-18,42.4900016784668
2012-04-19,42.08000183105469
2012-04-20,42.349998474121094
2012-04-23,42.0099983215332
2012-04-24,42.18000030517578
2012-04-25,42.70000076293945
2012-04-26,43.36000061035156
2012-04-27,43.349998474121094
2012-04-30,43.11000061035156
2012-05-01,43.790000915527344
2012-05-02,43.540000915527344
2012-05-03,43.810001373291016
2012-05-04,42.93000030517578
2012-05-07,43.81999969482422
2012-05-08,44.29999923706055
2012-05-09,45.02000045776367
2012-05-10,45.27999877929688
2012-05-11,45.56000137329102
2012-05-14,45.16999816894531
2012-05-15,45.0099983215332
2012-05-16,45.08000183105469
2012-05-18,43.810001373291016
2012-05-21,44.38999938964844
2012-05-22,44.38999938964844
2012-05-23,44.209999084472656
2012-05-24,44.43999862670898
2012-05-25,44.5
2012-05-29,45.47999954223633
2012-05-30,45.20000076293945
2012-05-31,45.709999084472656
2012-06-01,44.400001525878906
2012-06-04,44.40999984741211
2012-06-05,44.84000015258789
2012-06-06,45.52999877929688
2012-06-07,45.63000106811523
2012-06-08,46.2400016784668
2012-06-11,45.79999923706055
2012-06-13,46.22999954223633
2012-06-14,47.18000030517578
2012-06-18,47.099998474121094
2012-06-19,47.5099983215332
2012-06-20,47.72999954223633
2012-06-21,47.4000015258789
2012-06-22,47.47000122070313
2012-06-25,46.70000076293945
2012-06-26,47.29999923706055
2012-06-27,47.86999893188477
2012-06-28,47.81999969482422
2012-06-29,48.5
2012-07-02,48.72000122070313
2012-07-03,48.59000015258789
2012-07-05,48.11000061035156
2012-07-09,48.0
2012-07-10,47.36000061035156
2012-07-11,47.27000045776367
2012-07-12,47.40999984741211
2012-07-13,48.18999862670898
2012-07-16,47.86000061035156
2012-07-17,49.349998474121094
2012-07-19,48.9900016784668
2012-07-20,48.59000015258789
2012-07-23,47.97999954223633
2012-07-24,48.15999984741211
2012-07-25,48.29999923706055
2012-07-26,49.709999084472656
2012-07-27,49.93999862670898
2012-07-30,49.79999923706055
2012-07-31,49.13999938964844
2012-08-01,48.81999969482422
2012-08-02,48.97999954223633
2012-08-03,49.77000045776367
2012-08-06,49.6500015258789
2012-08-08,50.4900016784668
2012-08-09,49.959999084472656
2012-08-10,49.6500015258789
2012-08-13,49.86000061035156
2012-08-14,49.68999862670898
2012-08-15,49.88999938964844
2012-08-16,50.25
2012-08-17,50.459999084472656
2012-08-20,50.45000076293945
2012-08-21,49.63999938964844
2012-08-22,49.65999984741211
2012-08-23,49.16999816894531
2012-08-24,49.56000137329102
2012-08-27,49.63000106811523
2012-08-28,49.63000106811523
2012-08-29,50.040000915527344
2012-08-30,49.41999816894531
2012-08-31,49.47000122070313
2012-09-04,49.65999984741211
2012-09-05,50.790000915527344
2012-09-06,51.86000061035156
2012-09-07,51.7400016784668
2012-09-10,51.52000045776367
2012-09-11,51.56000137329102
2012-09-12,51.70000076293945
2012-09-13,52.599998474121094
2012-09-14,52.349998474121094
2012-09-17,52.1500015258789
2012-09-18,51.9000015258789
2012-09-19,52.70000076293945
2012-09-20,52.65999984741211
2012-09-21,52.7400016784668
2012-09-24,52.91999816894531
2012-09-25,52.540000915527344
2012-09-26,51.93999862670898
2012-09-27,52.58000183105469
2012-09-28,52.27999877929688
2012-10-01,52.06999969482422
2012-10-02,51.63999938964844
2012-10-03,52.47000122070313
2012-10-04,52.63000106811523
2012-10-05,52.97000122070313
2012-10-08,52.33000183105469
2012-10-09,51.5099983215332
2012-10-10,51.209999084472656
2012-10-12,50.59000015258789
2012-10-15,50.790000915527344
2012-10-16,51.2400016784668
2012-10-17,52.290000915527344
2012-10-18,52.41999816894531
2012-10-19,51.9000015258789
2012-10-22,51.790000915527344
2012-10-23,50.7599983215332
2012-10-24,50.6500015258789
2012-10-25,50.2599983215332
2012-10-31,49.11999893188477
2012-11-01,49.77999877929688
2012-11-02,49.86000061035156
2012-11-05,50.31999969482422
2012-11-06,50.47000122070313
2012-11-07,50.08000183105469
2012-11-08,50.040000915527344
2012-11-09,47.06000137329102
2012-11-12,47.45000076293945
2012-11-13,47.959999084472656
2012-11-15,47.47000122070313
2012-11-16,47.41999816894531
2012-11-20,48.43999862670898
2012-11-21,48.68000030517578
2012-11-23,49.2599983215332
2012-11-26,49.02999877929688
2012-11-27,48.599998474121094
2012-11-28,49.20000076293945
2012-11-29,49.72000122070313
2012-11-30,49.65999984741211
2012-12-03,49.290000915527344
2012-12-04,49.29999923706055
2012-12-05,49.59000015258789
2012-12-06,49.06000137329102
2012-12-07,49.2400016784668
2012-12-10,49.29999923706055
2012-12-11,49.47999954223633
2012-12-12,49.63999938964844
2012-12-13,49.11000061035156
2012-12-14,48.66999816894531
2012-12-17,49.27999877929688
2012-12-18,50.22000122070313
2012-12-19,49.93999862670898
2012-12-21,50.0
2012-12-26,49.849998474121094
2012-12-27,49.52999877929688
2012-12-28,49.1500015258789
2012-12-31,49.790000915527344
2014-01-02,76.2699966430664
2014-01-03,76.11000061035156
2014-01-06,75.81999969482422
2014-01-07,76.33999633789062
2014-01-08,75.22000122070312
2014-01-09,74.9000015258789
2014-01-10,75.38999938964844
2014-01-13,73.2699966430664
2014-01-14,74.44999694824219
2014-01-15,74.27999877929688
2014-01-16,74.20999908447266
2014-01-21,74.19999694824219
2014-01-22,75.30999755859375
2014-01-23,74.79000091552734
2014-01-27,72.25
2014-01-28,72.87999725341797
2014-01-29,71.33000183105469
2014-01-30,73.22000122070312
2014-01-31,72.61000061035156
2014-02-03,69.98999786376953
2014-02-04,71.05000305175781
2014-02-05,71.76000213623047
2014-02-06,75.55999755859375
2014-02-07,75.66999816894531
2014-02-10,77.05999755859375
2014-02-12,77.91000366210938
2014-02-13,77.9000015258789
2014-02-14,79.2300033569336
2014-02-18,79.58000183105469
2014-02-19,78.87000274658203
2014-02-20,79.19000244140625
2014-02-21,80.12999725341797
2014-02-24,80.7300033569336
2014-02-25,80.20999908447266
2014-02-26,80.08000183105469
2014-02-27,80.4800033569336
2014-02-28,80.80999755859375
2014-03-03,79.45999908447266
2014-03-04,81.70999908447266
2014-03-05,82.68000030517578
2014-03-06,83.33999633789062
2014-03-07,82.20999908447266
2014-03-10,81.97000122070312
2014-03-11,81.05000305175781
2014-03-12,81.37999725341797
2014-03-13,79.93000030517578
2014-03-14,80.06999969482422
2014-03-18,81.98999786376953
2014-03-19,80.5199966430664
2014-03-20,80.80999755859375
2014-03-21,80.3499984741211
2014-03-24,79.48999786376953
2014-03-25,79.55000305175781
2014-03-26,78.62000274658203
2014-03-27,78.4800033569336
2014-03-28,78.98999786376953
2014-03-31,80.06999969482422
2014-04-01,81.56999969482422
2014-04-02,81.66999816894531
2014-04-03,81.69000244140625
2014-04-04,80.43000030517578
2014-04-07,79.12999725341797
2014-04-08,79.56999969482422
2014-04-09,80.47000122070312
2014-04-10,77.51000213623047
2014-04-11,77.01000213623047
2014-04-14,77.62000274658203
2014-04-15,77.66000366210938
2014-04-16,78.94999694824219
2014-04-17,79.98999786376953
2014-04-21,79.11000061035156
2014-04-22,79.44999694824219
2014-04-23,79.5199966430664
2014-04-24,79.58999633789062
2014-04-28,77.77999877929688
2014-04-29,78.63999938964844
2014-04-30,79.33999633789062
2014-05-01,79.55999755859375
2014-05-05,81.22000122070312
2014-05-06,81.02999877929688
2014-05-07,80.29000091552734
2014-05-08,81.5999984741211
2014-05-09,81.94999694824219
2014-05-12,82.41999816894531
2014-05-13,82.08000183105469
2014-05-14,80.91999816894531
2014-05-15,80.1500015258789
2014-05-16,80.38999938964844
2014-05-19,81.05000305175781
2014-05-20,81.08999633789062
2014-05-21,82.19000244140625
2014-05-22,82.3499984741211
2014-05-23,83.31999969482422
2014-05-27,83.73999786376953
2014-05-28,83.5999984741211
2014-05-29,84.02999877929688
2014-06-03,83.87999725341797
2014-06-04,84.23999786376953
2014-06-05,84.77999877929688
2014-06-06,84.61000061035156
2014-06-10,84.75
2014-06-11,84.30999755859375
2014-06-12,82.80000305175781
2014-06-13,82.80000305175781
2014-06-17,83.16000366210938
2014-06-18,83.58000183105469
2014-06-19,83.7699966430664
2014-06-20,82.81999969482422
2014-06-23,82.76000213623047
2014-06-24,82.68000030517578
2014-06-25,83.9000015258789
2014-06-30,85.73999786376953
2014-07-01,86.47000122070312
2014-07-02,86.44000244140625
2014-07-07,86.58999633789062
2014-07-08,85.86000061035156
2014-07-09,87.22000122070312
2014-07-10,86.86000061035156
2014-07-11,86.88999938964844
2014-07-14,86.76000213623047
2014-07-16,85.3499984741211
2014-07-21,85.73999786376953
2014-07-22,86.20999908447266
2014-07-23,86.04000091552734
2014-07-24,86.80000305175781
2014-07-25,86.2300033569336
2014-07-28,87.1500015258789
2014-07-29,86.19999694824219
2014-07-30,87.20999908447266
2014-07-31,85.87999725341797
2014-08-01,85.37999725341797
2014-08-04,87.23999786376953
2014-08-05,86.75
2014-08-06,86.58999633789062
2014-08-07,85.51000213623047
2014-08-08,86.8499984741211
2014-08-11,87.5
2014-08-12,87.20999908447266
2014-08-13,87.5999984741211
2014-08-14,88.61000061035156
2014-08-18,89.97000122070312
2014-08-20,89.83999633789062
2014-08-21,90.37999725341795
2014-08-25,90.37999725341795
2014-08-27,90.37000274658205
2014-08-28,90.2300033569336
2014-08-29,89.87999725341797
2014-09-02,90.8000030517578
2014-09-03,90.94000244140624
2014-09-04,90.13999938964844
2014-09-05,90.94000244140624
2014-09-08,90.55999755859376
2014-09-09,89.5999984741211
2014-09-10,89.5199966430664
2014-09-11,89.97000122070312
2014-09-12,89.66999816894531
2014-09-15,90.08000183105469
2014-09-16,90.2699966430664
2014-09-17,90.33000183105469
2014-09-19,90.48999786376952
2014-09-22,89.29000091552734
2014-09-23,88.30999755859375
2014-09-25,88.06999969482422
2014-09-26,88.73999786376953
2014-09-29,88.83000183105469
2014-09-30,89.02999877929688
2014-10-02,86.79000091552734
2014-10-03,88.44999694824219
2014-10-06,88.55999755859375
2014-10-07,87.11000061035156
2014-10-08,88.11000061035156
2014-10-09,85.70999908447266
2014-10-10,86.2699966430664
2014-10-13,83.91000366210938
2014-10-14,84.13999938964844
2014-10-16,81.73999786376953
2014-10-17,83.83000183105469
2014-10-20,85.5199966430664
2014-10-21,87.54000091552734
2014-10-22,87.0999984741211
2014-10-23,87.98999786376953
2014-10-24,88.61000061035156
2014-10-27,88.44999694824219
2014-10-28,89.93000030517578
2014-10-30,90.22000122070312
2014-10-31,91.37999725341795
2014-11-03,91.70999908447266
2014-11-04,90.3499984741211
2014-11-05,91.0
2014-11-06,92.0
2014-11-07,90.0
2014-11-10,89.77999877929688
2014-11-11,89.9800033569336
2014-11-12,89.9000015258789
2014-11-13,90.48999786376952
2014-11-14,90.8000030517578
2014-11-17,90.41000366210938
2014-11-18,90.27999877929688
2014-11-19,89.81999969482422
2014-11-20,88.9000015258789
2014-11-21,88.95999908447266
2014-11-25,91.6500015258789
2014-11-26,91.91999816894531
2014-12-01,92.6999969482422
2014-12-03,93.11000061035156
2014-12-05,93.76000213623048
2014-12-08,93.8000030517578
2014-12-09,92.94000244140624
2014-12-10,91.62999725341795
2014-12-11,91.75
2014-12-12,91.48999786376952
2014-12-15,90.9000015258789
2014-12-16,90.16999816894531
2014-12-17,91.37999725341795
2014-12-18,92.61000061035156
2014-12-19,92.88999938964844
2014-12-22,94.1999969482422
2014-12-23,94.69000244140624
2014-12-24,94.41999816894531
2014-12-26,95.02999877929688
2014-12-29,95.5
2014-12-30,94.6999969482422
2015-01-02,93.75
2015-01-05,92.37999725341795
2015-01-06,91.88999938964844
2015-01-07,92.83000183105469
2015-01-08,93.79000091552734
2015-01-09,94.25
2015-01-12,94.45999908447266
2015-01-13,95.19000244140624
2015-01-14,94.2300033569336
2015-01-15,94.3499984741211
2015-01-16,95.18000030517578
2015-01-20,94.73999786376952
2015-01-21,94.16999816894531
2015-01-22,95.1500015258789
2015-01-23,94.72000122070312
2015-01-26,94.97000122070312
2015-01-27,93.97000122070312
2015-01-28,92.66999816894531
2015-01-29,93.22000122070312
2015-01-30,90.95999908447266
2015-02-02,91.93000030517578
2015-02-03,94.0999984741211
2015-02-04,101.27999877929688
2015-02-05,102.63999938964844
2015-02-06,102.0199966430664
2015-02-09,101.7300033569336
2015-02-10,101.91999816894531
2015-02-11,101.87000274658205
2015-02-12,103.58000183105469
2015-02-17,104.12000274658205
2015-02-18,103.86000061035156
2015-02-19,103.88999938964844
2015-02-20,104.5500030517578
2015-02-23,104.98999786376952
2015-02-24,104.66999816894531
2015-02-25,105.56999969482422
2015-02-26,104.55999755859376
2015-02-27,104.08000183105469
2015-03-02,105.88999938964844
2015-03-03,106.3499984741211
2015-03-04,105.56999969482422
2015-03-05,105.02999877929688
2015-03-06,103.81999969482422
2015-03-09,105.26000213623048
2015-03-10,103.08999633789062
2015-03-11,102.88999938964844
2015-03-12,107.16999816894531
2015-03-13,106.44000244140624
2015-03-16,107.37000274658205
2015-03-17,106.95999908447266
2015-03-18,107.97000122070312
2015-03-19,107.37000274658205
2015-03-20,108.43000030517578
2015-03-23,108.22000122070312
2015-03-24,107.11000061035156
2015-03-26,105.23999786376952
2015-03-27,105.4800033569336
2015-03-30,106.12000274658205
2015-03-31,104.88999938964844
2015-04-01,105.44000244140624
2015-04-02,106.0
2015-04-06,105.62999725341795
2015-04-07,105.43000030517578
2015-04-08,106.36000061035156
2015-04-09,106.7699966430664
2015-04-10,106.9499969482422
2015-04-13,106.51000213623048
2015-04-14,106.66000366210938
2015-04-15,106.9800033569336
2015-04-16,108.0999984741211
2015-04-17,106.69000244140624
2015-04-20,108.22000122070312
2015-04-21,107.68000030517578
2015-04-22,107.94000244140624
2015-04-23,109.0
2015-04-24,109.52999877929688
2015-04-27,110.16000366210938
2015-04-28,109.91999816894531
2015-04-29,109.80999755859376
2015-04-30,108.72000122070312
2015-05-01,110.5199966430664
2015-05-05,110.80999755859376
2015-05-06,109.72000122070312
2015-05-08,110.11000061035156
2015-05-11,108.5999984741211
2015-05-12,109.23999786376952
2015-05-13,109.19000244140624
2015-05-14,109.93000030517578
2015-05-15,110.3000030517578
2015-05-18,110.33000183105469
2015-05-19,110.55999755859376
2015-05-20,110.1999969482422
2015-05-21,110.38999938964844
2015-05-22,110.26000213623048
2015-05-26,109.44000244140624
2015-05-27,110.37000274658205
2015-05-28,110.52999877929688
2015-05-29,110.37000274658205
2015-06-01,110.95999908447266
2015-06-02,110.75
2015-06-03,111.16999816894531
2015-06-04,110.3000030517578
2015-06-05,110.3000030517578
2015-06-08,109.29000091552734
2015-06-09,108.5199966430664
2015-06-10,110.0
2015-06-11,110.62000274658205
2015-06-12,109.9499969482422
2015-06-15,110.18000030517578
2015-06-16,111.05999755859376
2015-06-17,111.48999786376952
2015-06-18,113.22000122070312
2015-06-19,112.62000274658205
2015-06-22,113.52999877929688
2015-06-23,114.41000366210938
2015-06-25,114.4499969482422
2015-06-26,114.98999786376952
2015-06-29,113.0500030517578
2015-06-30,114.13999938964844
2015-07-01,115.12999725341795
2015-07-02,114.97000122070312
2015-07-06,115.6999969482422
2015-07-07,117.0999984741211
2015-07-08,115.19000244140624
2015-07-09,115.5999984741211
2015-07-10,116.44000244140624
2015-07-13,118.0500030517578
2015-07-14,117.8499984741211
2015-07-15,118.3000030517578
2015-07-16,119.06999969482422
2015-07-17,118.86000061035156
2015-07-20,119.58000183105469
2015-07-21,119.30999755859376
2015-07-22,119.33000183105469
2015-07-23,118.8000030517578
2015-07-24,118.91000366210938
2015-07-27,118.25
2015-07-28,118.45999908447266
2015-07-29,119.83999633789062
2015-07-30,120.02999877929688
2015-07-31,120.0
2015-08-03,121.12000274658205
2015-08-04,121.69000244140624
2015-08-05,110.52999877929688
2015-08-06,108.5500030517578
2015-08-07,109.3499984741211
2015-08-10,111.0
2015-08-11,108.0
2015-08-12,106.98999786376952
2015-08-13,107.5199966430664
2015-08-14,107.16000366210938
2015-08-17,109.0500030517578
2015-08-18,106.94000244140624
2015-08-19,106.4499969482422
2015-08-20,100.0199966430664
2015-08-21,98.83999633789062
2015-08-24,95.36000061035156
2015-08-25,95.88999938964844
2015-08-26,99.2300033569336
2015-08-27,102.16999816894531
2015-08-28,102.4800033569336
2015-08-31,101.87999725341795
2015-09-01,99.51000213623048
2015-09-02,101.88999938964844
2015-09-03,101.98999786376952
2015-09-04,100.97000122070312
2015-09-08,104.01000213623048
2015-09-09,101.91000366210938
2015-09-10,102.5999984741211
2015-09-11,104.4800033569336
2015-09-14,103.81999969482422
2015-09-15,103.43000030517578
2015-09-16,103.95999908447266
2015-09-17,104.1999969482422
2015-09-18,102.83999633789062
2015-09-21,103.41000366210938
2015-09-22,102.48999786376952
2015-09-23,101.56999969482422
2015-09-24,100.62000274658205
2015-09-25,100.3000030517578
2015-09-28,98.48999786376952
2015-09-29,99.41999816894531
2015-09-30,102.1999969482422
2015-10-01,102.66999816894531
2015-10-02,103.0
2015-10-05,103.8499984741211
2015-10-06,103.7699966430664
2015-10-07,103.38999938964844
2015-10-08,104.61000061035156
2015-10-09,105.55999755859376
2015-10-12,106.3499984741211
2015-10-13,106.58999633789062
2015-10-14,105.7300033569336
2015-10-15,107.88999938964844
2015-10-16,108.23999786376952
2015-10-19,109.47000122070312
2015-10-20,109.83999633789062
2015-10-21,110.08999633789062
2015-10-22,113.25
2015-10-23,113.08999633789062
2015-10-26,113.5199966430664
2015-10-27,113.7699966430664
2015-10-28,114.33999633789062
2015-10-29,115.04000091552734
2015-10-30,113.73999786376952
2015-11-02,115.04000091552734
2015-11-03,115.54000091552734
2015-11-04,113.25
2015-11-05,113.0
2015-11-06,115.66999816894531
2015-11-09,116.41999816894531
2015-11-10,117.41999816894531
2015-11-11,116.5199966430664
2015-11-12,116.20999908447266
2015-11-13,114.83999633789062
2015-11-16,115.91999816894531
2015-11-17,116.12999725341795
2015-11-18,118.13999938964844
2015-11-19,118.70999908447266
2015-11-20,120.06999969482422
2015-11-23,119.41999816894531
2015-11-24,117.9499969482422
2015-11-25,118.66999816894531
2015-11-27,115.12999725341795
2015-11-30,113.47000122070312
2015-12-01,115.38999938964844
2015-12-02,114.0
2015-12-03,111.88999938964844
2015-12-04,114.23999786376952
2015-12-07,113.83000183105469
2015-12-08,112.4800033569336
2015-12-09,111.47000122070312
2015-12-10,110.76000213623048
2015-12-11,108.04000091552734
2015-12-14,109.3499984741211
2015-12-15,112.16000366210938
2015-12-16,113.79000091552734
2015-12-17,112.01000213623048
2015-12-18,107.72000122070312
2015-12-21,106.58999633789062
2015-12-22,106.73999786376952
2015-12-23,105.55999755859376
2015-12-24,105.86000061035156
2015-12-28,107.25
2015-12-29,107.08000183105469
2015-12-30,106.33999633789062
2015-12-31,105.08000183105469
2016-01-04,102.9800033569336
2016-01-05,100.9000015258789
2016-01-06,100.36000061035156
2016-01-07,99.5
2016-01-08,99.25
2016-01-11,99.91999816894531
2016-01-12,101.45999908447266
2016-01-13,98.4800033569336
2016-01-14,99.11000061035156
2016-01-15,93.9000015258789
2016-01-19,93.97000122070312
2016-01-20,92.54000091552734
2016-01-21,94.0199966430664
2016-01-22,96.9000015258789
2016-01-25,95.29000091552734
2016-01-26,96.2699966430664
2016-01-27,94.31999969482422
2016-01-28,93.52999877929688
2016-01-29,95.81999969482422
2016-02-01,95.1500015258789
2016-02-02,93.12000274658205
2016-02-03,95.13999938964844
2016-02-04,95.43000030517578
2016-02-05,93.9000015258789
2016-02-08,92.12000274658205
2016-02-09,92.31999969482422
2016-02-10,88.8499984741211
2016-02-12,91.1500015258789
2016-02-16,92.91000366210938
2016-02-17,95.5
2016-02-18,95.16999816894531
2016-02-19,95.01000213623048
2016-02-22,96.37000274658205
2016-02-23,95.37999725341795
2016-02-25,95.6500015258789
2016-02-26,95.30999755859376
2016-02-29,95.5199966430664
2016-03-01,97.6500015258789
2016-03-02,97.0
2016-03-03,98.81999969482422
2016-03-04,98.4800033569336
2016-03-07,99.38999938964844
2016-03-09,97.66000366210938
2016-03-10,97.04000091552734
2016-03-11,97.94000244140624
2016-03-14,98.80999755859376
2016-03-15,98.23999786376952
2016-03-16,98.44000244140624
2016-03-17,99.5999984741211
2016-03-18,99.1999969482422
2016-03-21,98.45999908447266
2016-03-22,97.58000183105469
2016-03-23,96.83000183105469
2016-03-24,97.22000122070312
2016-03-28,98.08999633789062
2016-03-29,98.16000366210938
2016-03-30,98.91000366210938
2016-03-31,99.30999755859376
2016-04-01,99.06999969482422
2016-04-04,98.68000030517578
2016-04-05,97.0
2016-04-06,97.4800033569336
2016-04-07,96.16000366210938
2016-04-08,96.41999816894531
2016-04-12,97.3499984741211
2016-04-13,99.4800033569336
2016-04-14,98.62999725341795
2016-04-15,98.58999633789062
2016-04-18,101.4800033569336
2016-04-19,102.63999938964844
2016-04-20,103.2699966430664
2016-04-22,103.7699966430664
2016-04-25,104.56999969482422
2016-04-26,104.88999938964844
2016-04-27,105.27999877929688
2016-04-29,103.26000213623048
2016-05-02,104.36000061035156
2016-05-03,103.77999877929688
2016-05-06,105.54000091552734
2016-05-09,105.33999633789062
2016-05-10,106.5999984741211
2016-05-11,102.29000091552734
2016-05-12,101.70999908447266
2016-05-13,100.5199966430664
2016-05-16,100.36000061035156
2016-05-17,99.94000244140624
2016-05-18,99.0
2016-05-19,98.41000366210938
2016-05-20,99.77999877929688
2016-05-23,99.18000030517578
2016-05-24,99.51000213623048
2016-05-25,99.86000061035156
2016-05-26,99.80999755859376
2016-05-27,100.29000091552734
2016-05-31,99.22000122070312
2016-06-01,98.5199966430664
2016-06-02,98.72000122070312
2016-06-03,98.75
2016-06-06,98.77999877929688
2016-06-08,98.04000091552734
2016-06-09,97.83999633789062
2016-06-10,97.33999633789062
2016-06-13,97.56999969482422
2016-06-15,98.2699966430664
2016-06-16,98.37999725341795
2016-06-17,99.0
2016-06-20,99.56999969482422
2016-06-21,98.81999969482422
2016-06-22,98.79000091552734
2016-06-24,95.72000122070312
2016-06-27,94.37999725341795
2016-06-28,96.0500030517578
2016-06-29,96.9800033569336
2016-06-30,97.81999969482422
2016-07-01,98.02999877929688
2016-07-05,97.66000366210938
2016-07-06,98.4499969482422
2016-07-07,98.41000366210938
2016-07-08,99.62000274658205
2016-07-11,99.9800033569336
2016-07-12,100.1999969482422
2016-07-13,99.87999725341795
2016-07-14,99.97000122070312
2016-07-15,99.8000030517578
2016-07-18,100.1500015258789
2016-07-20,98.22000122070312
2016-07-21,98.01000213623048
2016-07-22,97.70999908447266
2016-07-25,97.38999938964844
2016-07-26,96.69000244140624
2016-07-27,96.33000183105469
2016-07-28,95.91000366210938
2016-07-29,95.9499969482422
2016-08-01,95.54000091552734
2016-08-02,95.01000213623048
2016-08-03,96.08999633789062
2016-08-04,95.16000366210938
2016-08-05,95.83000183105469
2016-08-08,95.75
2016-08-09,96.66999816894531
2016-08-10,97.86000061035156
2016-08-11,97.7699966430664
2016-08-12,96.83999633789062
2016-08-15,97.0999984741211
2016-08-16,96.87999725341795
2016-08-17,96.87000274658205
2016-08-18,96.6500015258789
2016-08-22,95.87000274658205
2016-08-23,95.97000122070312
2016-08-24,95.81999969482422
2016-08-25,95.5500030517578
2016-08-26,95.20999908447266
2016-08-29,94.87000274658205
2016-08-30,94.86000061035156
2016-08-31,94.45999908447266
2016-09-01,94.26000213623048
2016-09-02,94.41999816894531
2016-09-06,93.8000030517578
2016-09-07,93.70999908447266
2016-09-08,94.08999633789062
2016-09-09,92.41999816894531
2016-09-13,92.6999969482422
2016-09-14,92.26000213623048
2016-09-15,92.5
2016-09-16,92.55999755859376
2016-09-19,92.62999725341795
2016-09-20,92.9499969482422
2016-09-21,92.38999938964844
2016-09-22,93.41000366210938
2016-09-26,91.95999908447266
2016-09-28,92.1999969482422
2016-09-29,91.8000030517578
2016-09-30,92.86000061035156
2016-10-03,92.48999786376952
2016-10-04,92.58999633789062
2016-10-05,92.4499969482422
2016-10-06,92.83000183105469
2016-10-07,92.48999786376952
2016-10-11,91.86000061035156
2016-10-12,91.41000366210938
2016-10-13,91.12000274658205
2016-10-14,91.3000030517578
2016-10-17,90.83000183105469
2016-10-18,91.16999816894531
2016-10-19,91.93000030517578
2016-10-20,92.02999877929688
2016-10-24,93.37000274658205
2016-10-25,92.75
2016-10-26,93.48999786376952
2016-10-27,94.0199966430664
2016-10-28,93.8499984741211
2016-10-31,92.69000244140624
2016-11-01,92.38999938964844
2016-11-02,91.91000366210938
2016-11-03,93.37000274658205
2016-11-04,92.4499969482422
2016-11-07,94.43000030517578
2016-11-08,94.37999725341795
2016-11-09,94.63999938964844
2016-11-11,97.68000030517578
2016-11-14,97.91999816894531
2016-11-15,97.6999969482422
2016-11-17,99.37000274658205
2016-11-18,98.23999786376952
2016-11-21,97.62999725341795
2016-11-22,97.70999908447266
2016-11-23,98.26000213623048
2016-11-25,98.81999969482422
2016-11-28,98.97000122070312
2016-11-29,99.66999816894531
2016-11-30,99.12000274658205
2016-12-01,98.94000244140624
2016-12-02,98.5
2016-12-05,99.95999908447266
2016-12-06,100.66000366210938
2016-12-07,101.98999786376952
2016-12-08,103.37999725341795
2016-12-09,104.86000061035156
2016-12-12,104.05999755859376
2016-12-13,103.8499984741211
2016-12-14,104.0500030517578
2016-12-15,104.38999938964844
2016-12-16,103.91000366210938
2016-12-19,105.3000030517578
2016-12-20,105.45999908447266
2016-12-21,105.55999755859376
2016-12-22,105.41999816894531
2016-12-23,105.1500015258789
2016-12-27,105.16999816894531
2016-12-28,104.3000030517578
2016-12-29,104.55999755859376
2016-12-30,104.22000122070312
2017-01-03,106.08000183105469
2017-01-04,107.44000244140624
2017-01-05,107.37999725341795
2017-01-06,108.9800033569336
2017-01-09,108.36000061035156
2017-01-10,108.37999725341795
2017-01-11,109.44000244140624
2017-01-12,107.52999877929688
2017-01-13,108.05999755859376
2017-01-17,107.97000122070312
2017-01-18,108.16000366210938
2017-01-19,107.27999877929688
2017-01-20,107.66000366210938
2017-01-23,107.12000274658205
2017-01-24,107.9000015258789
2017-01-25,108.04000091552734
2017-01-26,108.05999755859376
2017-01-27,109.3000030517578
2017-01-30,110.94000244140624
2017-01-31,110.6500015258789
2017-02-01,111.3000030517578
2017-02-03,110.3000030517578
2017-02-06,109.56999969482422
2017-02-07,109.0
2017-02-08,109.0
2017-02-09,109.48999786376952
2017-02-10,109.26000213623048
2017-02-13,109.6500015258789
2017-02-14,110.33000183105469
2017-02-15,110.18000030517578
2017-02-16,110.70999908447266
2017-02-17,110.05999755859376
2017-02-21,110.01000213623048
2017-02-22,110.12000274658205
2017-02-23,109.7300033569336
2017-02-24,110.31999969482422
2017-02-27,110.2300033569336
2017-02-28,110.08999633789062
2017-03-01,111.04000091552734
2017-03-02,110.58999633789062
2017-03-03,111.23999786376952
2017-03-06,110.66999816894531
2017-03-07,110.86000061035156
2017-03-08,110.83999633789062
2017-03-09,111.02999877929688
2017-03-10,110.91999816894531
2017-03-13,111.5199966430664
2017-03-14,112.30999755859376
2017-03-15,111.87000274658205
2017-03-16,111.70999908447266
2017-03-17,111.76000213623048
2017-03-20,112.70999908447266
2017-03-21,111.75
2017-03-22,112.08000183105469
2017-03-23,112.23999786376952
2017-03-24,112.13999938964844
2017-03-27,112.37999725341795
2017-03-28,113.0500030517578
2017-03-29,112.52999877929688
2017-03-30,113.18000030517578
2017-03-31,113.38999938964844
2017-04-03,113.1999969482422
2017-04-04,113.04000091552734
2017-04-05,113.0
2017-04-06,113.0500030517578
2017-04-07,112.58000183105469
2017-04-10,112.43000030517578
2017-04-11,113.06999969482422
2017-04-12,113.04000091552734
2017-04-13,113.1999969482422
2017-04-17,113.77999877929688
2017-04-18,114.19000244140624
2017-04-19,113.7300033569336
2017-04-20,114.79000091552734
2017-04-21,114.44000244140624
2017-04-24,113.6999969482422
2017-04-25,115.18000030517578
2017-04-26,115.58000183105469
2017-04-27,115.83999633789062
2017-04-28,115.5999984741211
2017-05-01,114.7300033569336
2017-05-02,114.37000274658205
2017-05-03,111.62000274658205
2017-05-04,111.16999816894531
2017-05-05,111.98999786376952
2017-05-08,111.41999816894531
2017-05-09,112.06999969482422
2017-05-10,109.66000366210938
2017-05-11,109.58000183105469
2017-05-15,109.12999725341795
2017-05-16,107.9800033569336
2017-05-17,106.30999755859376
2017-05-18,106.68000030517578
2017-05-19,107.5199966430664
2017-05-23,107.0199966430664
2017-05-24,107.70999908447266
2017-05-25,107.2699966430664
2017-05-26,108.41000366210938
2017-05-30,108.33999633789062
2017-05-31,107.94000244140624
2017-06-01,108.20999908447266
2017-06-02,107.18000030517578
2017-06-06,105.5
2017-06-07,105.91999816894531
2017-06-08,104.31999969482422
2017-06-09,105.62000274658205
2017-06-12,107.04000091552734
2017-06-13,106.55999755859376
2017-06-14,106.13999938964844
2017-06-15,105.9800033569336
2017-06-16,105.51000213623048
2017-06-19,105.37000274658205
2017-06-20,103.94000244140624
2017-06-21,104.8000030517578
2017-06-22,104.22000122070312
2017-06-23,104.36000061035156
2017-06-26,105.56999969482422
2017-06-27,105.41000366210938
2017-06-28,106.86000061035156
2017-06-29,105.70999908447266
2017-06-30,106.25
2017-07-03,107.45999908447266
2017-07-05,105.62999725341795
2017-07-06,103.3499984741211
2017-07-07,103.31999969482422
2017-07-10,103.58999633789062
2017-07-11,103.83999633789062
2017-07-13,104.29000091552734
2017-07-14,105.08999633789062
2017-07-17,104.79000091552734
2017-07-18,105.75
2017-07-19,106.81999969482422
2017-07-20,107.36000061035156
2017-07-21,107.08999633789062
2017-07-24,107.0
2017-07-25,106.41999816894531
2017-07-26,106.94000244140624
2017-07-28,109.95999908447266
2017-07-31,109.93000030517578
2017-08-01,110.61000061035156
2017-08-02,108.66999816894531
2017-08-03,109.12000274658205
2017-08-04,107.69000244140624
2017-08-07,106.3499984741211
2017-08-08,106.9800033569336
2017-08-09,102.83000183105469
2017-08-10,101.3499984741211
2017-08-11,101.98999786376952
2017-08-14,101.4000015258789
2017-08-15,101.51000213623048
2017-08-16,102.1999969482422
2017-08-17,101.37999725341795
2017-08-18,100.6999969482422
2017-08-22,102.7699966430664
2017-08-23,101.5
2017-08-28,102.55999755859376
2017-08-29,102.56999969482422
2017-08-30,102.87000274658205
2017-08-31,101.1999969482422
2017-09-01,101.5
2017-09-06,101.5
2017-09-07,97.05999755859376
2017-09-08,97.06999969482422
2017-09-11,97.08999633789062
2017-09-12,97.88999938964844
2017-09-13,98.81999969482422
2017-09-15,98.5199966430664
2017-09-18,98.0999984741211
2017-09-19,98.43000030517578
2017-09-20,99.20999908447266
2017-09-22,98.5999984741211
2017-09-25,99.56999969482422
2017-09-26,98.62999725341795
2017-09-27,99.23999786376952
2017-09-28,98.0500030517578
2017-09-29,98.56999969482422
2017-10-02,99.86000061035156
2017-10-03,100.79000091552734
2017-10-04,100.5500030517578
2017-10-05,100.11000061035156
2017-10-06,100.06999969482422
2017-10-09,99.56999969482422
2017-10-10,99.58000183105469
2017-10-11,98.5500030517578
2017-10-12,96.93000030517578
2017-10-13,97.37999725341795
2017-10-16,98.12999725341795
2017-10-17,98.36000061035156
2017-10-18,98.25
2017-10-19,99.01000213623048
2017-10-20,99.4000015258789
2017-10-23,98.6999969482422
2017-10-24,98.29000091552734
2017-10-25,97.8000030517578
2017-10-26,98.55999755859376
2017-10-27,98.30999755859376
2017-10-30,98.04000091552734
2017-10-31,97.80999755859376
2017-11-01,99.02999877929688
2017-11-02,98.3499984741211
2017-11-03,98.63999938964844
2017-11-07,101.61000061035156
2017-11-08,101.18000030517578
2017-11-09,102.68000030517578
2017-11-13,104.73999786376952
2017-11-14,103.16999816894531
2017-11-15,103.69000244140624
2017-11-16,103.5999984741211
2017-11-17,103.44000244140624
2017-11-20,102.75
2017-11-21,103.0
2017-11-22,102.73999786376952
2017-11-24,102.63999938964844
2017-11-27,102.79000091552734
2017-11-28,103.41000366210938
2017-11-29,105.23999786376952
2017-11-30,104.81999969482422
2017-12-01,105.25
2017-12-04,110.22000122070312
2017-12-05,107.22000122070312
2017-12-06,105.45999908447266
2017-12-07,105.26000213623048
2017-12-11,106.83000183105469
2017-12-12,107.43000030517578
2017-12-13,107.61000061035156
2017-12-14,110.56999969482422
2017-12-15,111.2699966430664
2017-12-18,111.02999877929688
2017-12-19,111.80999755859376
2017-12-20,109.69000244140624
2017-12-21,109.56999969482422
2017-12-22,108.66999816894531
2017-12-26,108.12000274658205
2017-12-27,107.63999938964844
2017-12-28,107.7699966430664
2017-12-29,107.51000213623048
2018-01-02,111.8000030517578
2018-01-03,112.27999877929688
2018-01-04,112.2300033569336
2018-01-05,111.62000274658205
2018-01-08,110.0199966430664
2018-01-09,109.94000244140624
2018-01-10,109.47000122070312
2018-01-11,110.98999786376952
2018-01-12,112.47000122070312
2018-01-16,110.69000244140624
2018-01-17,111.97000122070312
2018-01-18,110.41999816894531
2018-01-19,110.58999633789062
2018-01-22,111.0999984741211
2018-01-24,110.5
2018-01-25,110.5500030517578
2018-01-26,112.19000244140624
2018-01-29,111.54000091552734
2018-01-31,108.66999816894531
2018-02-01,110.48999786376952
2018-02-02,108.6999969482422
2018-02-05,104.6999969482422
2018-02-07,104.76000213623048
2018-02-08,101.3499984741211
2018-02-09,103.08999633789062
2018-02-12,103.38999938964844
2018-02-13,104.12000274658205
2018-02-14,104.5999984741211
2018-02-15,105.18000030517578
2018-02-16,106.52999877929688
2018-02-20,105.9800033569336
2018-02-21,105.0500030517578
2018-02-22,105.23999786376952
2018-02-23,107.25
2018-02-26,109.80999755859376
2018-02-27,104.87000274658205
2018-02-28,103.16000366210938
2018-03-01,102.56999969482422
2018-03-02,102.98999786376952
2018-03-05,103.41000366210938
2018-03-06,104.94000244140624
2018-03-07,103.58999633789062
2018-03-08,104.02999877929688
2018-03-09,104.7300033569336
2018-03-12,105.16999816894531
2018-03-13,103.7300033569336
2018-03-14,103.9000015258789
2018-03-15,103.23999786376952
2018-03-16,102.87000274658205
2018-03-19,101.4800033569336
2018-03-20,101.3499984741211
2018-03-21,101.81999969482422
2018-03-22,100.5999984741211
2018-03-23,98.54000091552734
2018-03-26,100.6500015258789
2018-03-27,99.36000061035156
2018-03-28,98.54000091552734
2018-03-29,100.44000244140624
2018-04-03,99.41999816894531
2018-04-04,100.9499969482422
2018-04-05,102.11000061035156
2018-04-06,100.3499984741211
2018-04-09,99.6999969482422
2018-04-10,101.37000274658205
2018-04-11,100.8000030517578
2018-04-12,100.38999938964844
2018-04-13,100.3499984741211
2018-04-17,102.16999816894531
2018-04-18,101.20999908447266
2018-04-19,100.88999938964844
2018-04-20,100.23999786376952
2018-04-23,100.1500015258789
2018-04-24,99.45999908447266
2018-04-25,101.1500015258789
2018-04-26,99.83999633789062
2018-04-27,99.2300033569336
2018-04-30,100.33000183105469
2018-05-01,100.05999755859376
2018-05-02,99.62000274658205
2018-05-03,98.76000213623048
2018-05-04,101.1500015258789
2018-05-07,102.4800033569336
2018-05-08,101.79000091552734
2018-05-09,99.97000122070312
2018-05-10,101.68000030517578
2018-05-11,102.06999969482422
2018-05-14,102.44000244140624
2018-05-15,102.91999816894531
2018-05-16,105.04000091552734
2018-05-17,104.33999633789062
2018-05-18,103.93000030517578
2018-05-21,104.05999755859376
2018-05-22,104.06999969482422
2018-05-23,102.88999938964844
2018-05-24,102.11000061035156
2018-05-25,102.1999969482422
2018-05-29,99.69000244140624
2018-05-30,99.9800033569336
2018-05-31,99.47000122070312
2018-06-01,99.36000061035156
2018-06-04,100.23999786376952
2018-06-05,99.94000244140624
2018-06-06,101.91000366210938
2018-06-07,102.47000122070312
2018-06-08,103.9800033569336
2018-06-11,104.3499984741211
2018-06-12,104.33000183105469
2018-06-13,106.30999755859376
2018-06-14,108.75
2018-06-18,107.05999755859376
2018-06-19,106.0999984741211
2018-06-20,107.1500015258789
2018-06-21,105.88999938964844
2018-06-22,106.33999633789062
2018-06-25,104.4499969482422
2018-06-26,104.26000213623048
2018-06-27,103.95999908447266
2018-06-28,104.7699966430664
2018-06-29,104.80999755859376
2018-07-02,105.33000183105469
2018-07-03,104.04000091552734
2018-07-05,105.33999633789062
2018-07-06,104.77999877929688
2018-07-09,106.0199966430664
2018-07-10,106.02999877929688
2018-07-11,108.04000091552734
2018-07-12,108.25
2018-07-13,110.0
2018-07-16,110.1999969482422
2018-07-17,110.3000030517578
2018-07-18,110.69000244140624
2018-07-19,112.12999725341795
2018-07-20,111.4800033569336
2018-07-23,111.08999633789062
2018-07-24,110.6999969482422
2018-07-25,111.18000030517578
2018-07-26,113.51000213623048
2018-07-27,112.62000274658205
2018-07-30,112.62999725341795
2018-07-31,113.55999755859376
2018-08-01,112.97000122070312
2018-08-02,112.75
2018-08-03,114.08999633789062
2018-08-06,115.94000244140624
2018-08-07,116.55999755859376
2018-08-08,113.9800033569336
2018-08-09,114.16000366210938
2018-08-10,112.68000030517578
2018-08-13,112.12000274658205
2018-08-14,112.75
2018-08-15,112.8499984741211
2018-08-16,112.4800033569336
2018-08-17,112.4800033569336
2018-08-20,111.98999786376952
2018-08-21,112.38999938964844
2018-08-22,111.94000244140624
2018-08-23,112.0
2018-08-24,111.93000030517578
2018-08-27,112.33000183105469
2018-08-28,112.58000183105469
2018-08-29,112.4499969482422
2018-08-31,112.0199966430664
2018-09-04,110.8499984741211
2018-09-05,109.87000274658205
2018-09-06,110.26000213623048
2018-09-07,110.97000122070312
2018-09-10,110.68000030517578
2018-09-11,109.5999984741211
2018-09-12,109.45999908447266
2018-09-13,110.66999816894531
2018-09-14,109.26000213623048
2018-09-17,109.36000061035156
2018-09-18,109.52999877929688
2018-09-19,109.79000091552734
2018-09-20,111.62000274658205
2018-09-21,110.4000015258789
2018-09-24,112.7699966430664
2018-09-25,113.62999725341795
2018-09-26,115.20999908447266
2018-09-28,116.94000244140624
2018-10-02,117.66000366210938
2018-10-03,116.91000366210938
2018-10-04,116.12999725341795
2018-10-05,114.77999877929688
2018-10-08,116.0199966430664
2018-10-09,116.88999938964844
2018-10-10,112.86000061035156
2018-10-11,111.1500015258789
2018-10-12,112.61000061035156
2018-10-15,113.44000244140624
2018-10-16,116.19000244140624
2018-10-17,117.12999725341795
2018-10-18,116.18000030517578
2018-10-19,118.9000015258789
2018-10-22,118.2699966430664
2018-10-23,117.8499984741211
2018-10-24,111.61000061035156
2018-10-25,114.16000366210938
2018-10-26,113.19000244140624
2018-10-29,113.04000091552734
2018-10-30,114.76000213623048
2018-10-31,114.83000183105469
2018-11-01,116.0999984741211
2018-11-02,115.18000030517578
2018-11-05,115.4499969482422
2018-11-06,116.70999908447266
2018-11-07,117.0500030517578
2018-11-08,116.0
2018-11-09,118.0
2018-11-12,116.6999969482422
2018-11-13,116.8499984741211
2018-11-14,117.12000274658205
2018-11-15,117.11000061035156
2018-11-16,116.19000244140624
2018-11-19,115.41999816894531
2018-11-20,111.87000274658205
2018-11-21,113.02999877929688
2018-11-23,112.08000183105469
2018-11-26,112.5500030517578
2018-11-27,113.9000015258789
2018-11-28,116.0999984741211
2018-11-29,116.61000061035156
2018-11-30,115.48999786376952
2018-12-03,115.73999786376952
2018-12-04,112.87000274658205
2018-12-06,114.33000183105469
2018-12-07,111.9800033569336
2018-12-10,111.86000061035156
2018-12-11,111.97000122070312
2018-12-12,112.20999908447266
2018-12-13,113.38999938964844
2018-12-14,112.1999969482422
2018-12-17,110.62000274658205
2018-12-18,109.4499969482422
2018-12-19,109.22000122070312
2018-12-20,107.0
2018-12-21,104.22000122070312
2018-12-24,100.3499984741211
2018-12-26,105.83000183105469
2018-12-27,106.5199966430664
2018-12-28,107.3000030517578
2018-12-31,109.6500015258789
2019-01-02,108.97000122070312
2019-01-03,106.33000183105469
2019-01-04,109.61000061035156
2019-01-07,110.55999755859376
2019-01-08,111.41999816894531
2019-01-09,112.66999816894531
2019-01-10,112.8000030517578
2019-01-11,112.6500015258789
2019-01-14,112.41999816894531
2019-01-15,111.76000213623048
2019-01-16,110.91000366210938
2019-01-17,111.01000213623048
2019-01-18,111.04000091552734
2019-01-22,110.5999984741211
2019-01-23,111.12000274658205
2019-01-24,110.5500030517578
2019-01-25,111.08999633789062
2019-01-28,110.80999755859376
2019-01-29,110.9000015258789
2019-01-30,110.12999725341795
2019-01-31,111.5199966430664
2019-02-01,111.3000030517578
2019-02-04,111.8000030517578
2019-02-05,112.66000366210938
2019-02-06,111.41000366210938
2019-02-07,110.9499969482422
2019-02-08,111.51000213623048
2019-02-11,109.44000244140624
2019-02-12,109.1999969482422
2019-02-13,110.1999969482422
2019-02-14,110.66000366210938
2019-02-15,112.58999633789062
2019-02-19,113.51000213623048
2019-02-20,113.68000030517578
2019-02-21,114.29000091552734
2019-02-22,115.25
2019-02-25,113.58999633789062
2019-02-26,113.5
2019-02-27,112.77999877929688
2019-02-28,112.83999633789062
2019-03-01,114.01000213623048
2019-03-04,114.33000183105469
2019-03-05,114.0
2019-03-06,114.8499984741211
2019-03-07,114.01000213623048
2019-03-08,113.80999755859376
2019-03-11,114.75
2019-03-12,114.7300033569336
2019-03-13,114.08999633789062
2019-03-14,114.4800033569336
2019-03-15,114.95999908447266
2019-03-18,113.12000274658205
2019-03-19,110.0
2019-03-20,109.98999786376952
2019-03-21,108.66000366210938
2019-03-22,108.2300033569336
2019-03-25,107.79000091552734
2019-03-26,110.13999938964844
2019-03-28,110.70999908447266
2019-03-29,111.02999877929688
2019-04-01,112.51000213623048
2019-04-02,111.95999908447266
2019-04-03,112.5199966430664
2019-04-04,114.75
2019-04-05,115.0
2019-04-08,114.95999908447266
2019-04-09,116.86000061035156
2019-04-10,117.16000366210938
2019-04-11,116.5999984741211
2019-04-12,130.05999755859378
2019-04-15,132.03999328613278
2019-04-16,129.89999389648438
2019-04-17,131.75
2019-04-18,132.44999694824222
2019-04-22,131.67999267578122
2019-04-23,133.36000061035156
2019-04-24,135.10000610351562
2019-04-25,137.24000549316406
2019-04-26,139.91999816894528
2019-04-29,139.30000305175778
2019-04-30,136.97000122070312
2019-05-01,136.3800048828125
2019-05-02,134.13999938964844
2019-05-03,134.33000183105472
2019-05-06,135.0
2019-05-07,133.44000244140622
2019-05-08,134.99000549316406
2019-05-09,133.58999633789062
2019-05-10,134.03999328613278
2019-05-13,131.33999633789062
2019-05-14,133.19999694824222
2019-05-15,134.67999267578122
2019-05-16,135.5
2019-05-17,135.03999328613278
2019-05-20,133.91000366210938
2019-05-21,134.08999633789062
2019-05-22,133.85000610351562
2019-05-23,132.72999572753906
2019-05-24,132.78999328613278
2019-05-28,132.6199951171875
2019-05-29,131.57000732421878
2019-05-30,132.19999694824222
2019-05-31,132.03999328613278
2019-06-03,132.47000122070312
2019-06-04,134.82000732421878
2019-06-05,135.94000244140622
2019-06-06,137.21000671386722
2019-06-07,138.03999328613278
2019-06-10,137.07000732421878
2019-06-11,135.08000183105472
2019-06-12,135.72000122070312
2019-06-13,141.74000549316406
2019-06-14,141.64999389648438
2019-06-17,140.97000122070312
2019-06-18,139.24000549316406
2019-06-19,140.9199981689453
2019-06-20,142.02000427246094
2019-06-21,140.22999572753906
2019-06-24,139.22000122070312
2019-06-25,139.94000244140622
2019-06-26,140.39999389648438
2019-06-27,139.30000305175778
2019-06-28,139.63999938964844
2019-07-01,141.64999389648438
2019-07-02,142.52999877929688
2019-07-03,142.97999572753906
2019-07-05,142.4499969482422
2019-07-08,141.02000427246094
2019-07-09,141.61000061035156
2019-07-15,145.05999755859375
2019-07-24,141.2899932861328
2019-08-20,135.1300048828125
2019-09-09,138.83000183105472
2019-09-10,135.78999328613278
2019-09-11,136.19000244140622
2019-09-12,137.5
2019-09-13,138.02000427246094
2019-09-16,135.80000305175778
2019-09-17,136.30999755859378
2019-09-18,136.80000305175778
2019-09-19,133.30000305175778
2019-09-20,132.27000427246094
2019-09-23,132.46000671386722
2019-09-24,131.97000122070312
2019-09-25,133.08999633789062
2019-09-26,131.27000427246094
2019-09-27,129.96000671386722
2019-09-30,130.32000732421878
2019-10-01,129.55000305175778
2019-10-02,129.13999938964844
2019-10-03,128.14999389648438
2019-10-04,130.27000427246094
2019-10-08,128.47000122070312
2019-10-09,129.33000183105472
2019-10-10,129.33999633789062
2019-11-19,148.3800048828125
2020-01-02,148.1999969482422
2020-01-03,146.5
2020-01-28,138.3699951171875
2020-01-30,137.80999755859378
2020-03-12,91.80999755859376
2020-03-18,88.80000305175781
2020-03-19,94.93000030517578
2020-03-26,105.36000061035156
2020-03-30,99.8000030517578
2020-03-31,96.5999984741211
2020-04-09,104.5
2020-04-13,103.5
2020-04-14,106.02999877929688
2020-04-16,102.0199966430664
2020-04-17,106.62999725341795
2020-04-20,102.26000213623048
2020-04-22,100.98999786376952
2020-05-05,101.05999755859376
2020-05-07,105.56999969482422
2020-05-11,107.7699966430664
2020-05-14,105.91000366210938
2020-05-15,109.0500030517578
2020-05-29,117.3000030517578
2020-06-01,118.7699966430664
2020-06-02,118.75
2020-06-03,122.18000030517578
2020-06-08,127.27999877929688
2020-06-09,123.88999938964844
2020-06-10,122.18000030517578
2020-06-11,112.63999938964844
2020-06-12,115.48999786376952
2020-06-15,117.08000183105469
2020-06-19,114.3499984741211
2020-06-22,115.91999816894531
2020-06-23,116.58999633789062
2020-06-24,112.06999969482422
2020-06-26,109.0999984741211
2020-06-29,111.5199966430664
2020-06-30,111.51000213623048
2020-07-06,114.43000030517578
2020-07-14,118.66000366210938
2020-07-15,120.9000015258789
2020-07-20,117.79000091552734
2020-07-21,118.62000274658205
2020-07-22,119.02999877929688
2020-07-23,118.12000274658205
2020-07-24,117.61000061035156
2020-09-18,128.6300048828125
2020-10-01,123.30999755859376
2020-11-16,144.6699981689453
2020-11-17,144.5
2020-11-18,143.89999389648438
2020-11-19,141.72000122070312
2020-12-10,154.69000244140625
2020-12-16,173.1199951171875
2020-12-18,172.88999938964844
2021-01-11,179.08999633789062
2021-01-12,175.99000549316406
2021-01-28,171.8800048828125
2021-02-01,170.97000122070312
2021-02-02,176.9600067138672
2021-02-03,176.42999267578125
2021-02-04,180.22999572753903
2021-02-24,197.50999450683597
2021-02-25,190.97999572753903
2021-02-26,189.0399932861328
2021-03-03,192.25999450683597
2021-03-04,188.02999877929688
2021-03-05,189.9900054931641
2021-03-09,194.50999450683597
2021-06-11,177.3800048828125
2021-06-14,178.17999267578125
2021-06-15,175.86000061035156
2021-06-16,174.66000366210938
2021-06-17,174.64999389648438
2021-06-18,172.4199981689453
2021-10-05,174.61000061035156
2021-10-27,169.5500030517578
