,Date,Sentiment
183,2014-09-24,3.370572207084469
184,2014-09-25,3.370572207084469
185,2014-09-26,3.3678474114441417
186,2014-09-30,3.3678474114441417
187,2014-10-01,3.3678474114441417
188,2014-10-02,3.3678474114441417
189,2014-10-03,3.3678474114441417
190,2014-10-06,3.3651226158038146
191,2014-10-07,3.3651226158038146
192,2014-10-08,3.3651226158038146
193,2014-10-09,3.3651226158038146
194,2014-10-10,3.3651226158038146
195,2014-10-13,3.3651226158038146
196,2014-10-14,3.3651226158038146
197,2014-10-15,3.3651226158038146
198,2014-10-16,3.3651226158038146
199,2014-10-17,3.3651226158038146
200,2014-10-20,3.362397820163488
201,2014-10-21,3.362397820163488
202,2014-10-22,3.3651226158038146
203,2014-10-23,3.3651226158038146
204,2014-10-24,3.3651226158038146
205,2014-10-27,3.362397820163488
206,2014-10-28,3.362397820163488
207,2014-10-29,3.362397820163488
208,2014-10-30,3.362397820163488
209,2014-10-31,3.362397820163488
210,2014-11-03,3.362397820163488
211,2014-11-04,3.362397820163488
212,2014-11-05,3.3651226158038146
213,2014-11-06,3.3651226158038146
214,2014-11-07,3.3651226158038146
215,2014-11-10,3.3651226158038146
216,2014-11-11,3.3651226158038146
217,2014-11-12,3.362397820163488
218,2014-11-14,3.3596730245231607
219,2014-11-17,3.3596730245231607
220,2014-11-18,3.362397820163488
221,2014-11-19,3.3651226158038146
222,2014-11-20,3.3651226158038146
223,2014-11-21,3.3651226158038146
224,2014-11-24,3.3651226158038146
225,2014-11-25,3.3678474114441417
226,2014-11-26,3.370572207084469
227,2014-11-28,3.3678474114441417
228,2014-12-01,3.370572207084469
229,2014-12-02,3.370572207084469
230,2014-12-03,3.3678474114441417
231,2014-12-04,3.3678474114441417
232,2014-12-05,3.370572207084469
233,2014-12-08,3.370572207084469
234,2014-12-09,3.3678474114441417
235,2014-12-10,3.3678474114441417
236,2014-12-11,3.3651226158038146
237,2014-12-12,3.3651226158038146
238,2014-12-15,3.362397820163488
239,2014-12-16,3.3596730245231607
240,2014-12-17,3.362397820163488
241,2014-12-18,3.362397820163488
242,2014-12-19,3.3651226158038146
243,2014-12-22,3.3651226158038146
244,2014-12-23,3.362397820163488
245,2014-12-24,3.362397820163488
246,2014-12-26,3.362397820163488
247,2014-12-29,3.362397820163488
248,2014-12-30,3.362397820163488
249,2014-12-31,3.3596730245231607
250,2015-01-02,3.3596730245231607
251,2015-01-05,3.3596730245231607
252,2015-01-06,3.3596730245231607
253,2015-01-07,3.3569482288828336
254,2015-01-08,3.3569482288828336
255,2015-01-09,3.3569482288828336
256,2015-01-12,3.354223433242507
257,2015-01-13,3.354223433242507
258,2015-01-14,3.35149863760218
259,2015-01-15,3.35149863760218
260,2015-01-16,3.35149863760218
261,2015-01-20,3.3487738419618527
262,2015-01-21,3.346049046321526
263,2015-01-22,3.3487738419618527
264,2015-01-23,3.346049046321526
265,2015-01-26,3.343324250681199
266,2015-01-27,3.343324250681199
267,2015-01-28,3.343324250681199
268,2015-01-29,3.3405994550408717
269,2015-01-30,3.3405994550408717
270,2015-02-02,3.3405994550408717
271,2015-02-03,3.337874659400545
272,2015-02-04,3.3405994550408717
273,2015-02-05,3.3405994550408717
274,2015-02-06,3.3405994550408717
275,2015-02-09,3.3405994550408717
276,2015-02-10,3.337874659400545
277,2015-02-11,3.335149863760218
278,2015-02-12,3.335149863760218
279,2015-02-13,3.332425068119891
280,2015-02-17,3.329700272479564
281,2015-02-18,3.329700272479564
282,2015-02-19,3.332425068119891
283,2015-02-20,3.335149863760218
284,2015-02-23,3.332425068119891
285,2015-02-24,3.332425068119891
286,2015-02-25,3.332425068119891
287,2015-02-26,3.329700272479564
288,2015-02-27,3.332425068119891
289,2015-03-02,3.329700272479564
290,2015-03-03,3.329700272479564
291,2015-03-04,3.329700272479564
292,2015-03-05,3.329700272479564
293,2015-03-06,3.329700272479564
294,2015-03-09,3.329700272479564
295,2015-03-10,3.329700272479564
296,2015-03-11,3.329700272479564
297,2015-03-12,3.329700272479564
298,2015-03-13,3.332425068119891
299,2015-03-16,3.329700272479564
300,2015-03-17,3.329700272479564
301,2015-03-18,3.332425068119891
302,2015-03-19,3.332425068119891
303,2015-03-20,3.332425068119891
304,2015-03-23,3.332425068119891
305,2015-03-24,3.335149863760218
306,2015-03-25,3.332425068119891
307,2015-03-26,3.332425068119891
308,2015-03-27,3.332425068119891
309,2015-03-30,3.329700272479564
310,2015-03-31,3.332425068119891
311,2015-04-01,3.332425068119891
312,2015-04-02,3.329700272479564
313,2015-04-06,3.332425068119891
314,2015-04-07,3.332425068119891
315,2015-04-08,3.329700272479564
316,2015-04-09,3.332425068119891
317,2015-04-10,3.335149863760218
318,2015-04-13,3.332425068119891
319,2015-04-14,3.332425068119891
320,2015-04-15,3.329700272479564
321,2015-04-16,3.329700272479564
322,2015-04-17,3.326975476839237
323,2015-04-20,3.32425068119891
324,2015-04-21,3.321525885558583
325,2015-04-22,3.321525885558583
326,2015-04-23,3.321525885558583
327,2015-04-24,3.32425068119891
328,2015-04-27,3.326975476839237
329,2015-04-28,3.32425068119891
330,2015-04-29,3.32425068119891
331,2015-04-30,3.326975476839237
332,2015-05-01,3.326975476839237
333,2015-05-04,3.329700272479564
334,2015-05-05,3.329700272479564
335,2015-05-06,3.329700272479564
336,2015-05-07,3.326975476839237
337,2015-05-08,3.32425068119891
338,2015-05-11,3.32425068119891
339,2015-05-12,3.32425068119891
340,2015-05-13,3.32425068119891
341,2015-05-14,3.32425068119891
342,2015-05-15,3.321525885558583
343,2015-05-18,3.321525885558583
344,2015-05-19,3.321525885558583
345,2015-05-20,3.321525885558583
346,2015-05-21,3.321525885558583
347,2015-05-22,3.321525885558583
348,2015-05-26,3.32425068119891
349,2015-05-27,3.321525885558583
350,2015-05-28,3.318801089918256
351,2015-05-29,3.318801089918256
352,2015-06-01,3.318801089918256
353,2015-06-02,3.318801089918256
354,2015-06-03,3.316076294277929
355,2015-06-04,3.318801089918256
356,2015-06-05,3.318801089918256
357,2015-06-08,3.321525885558583
358,2015-06-09,3.321525885558583
359,2015-06-10,3.321525885558583
360,2015-06-11,3.32425068119891
361,2015-06-12,3.326975476839237
362,2015-06-15,3.326975476839237
363,2015-06-16,3.326975476839237
364,2015-06-17,3.326975476839237
365,2015-06-18,3.329700272479564
366,2015-06-19,3.326975476839237
367,2015-06-22,3.326975476839237
368,2015-06-23,3.329700272479564
369,2015-06-24,3.326975476839237
370,2015-06-25,3.32425068119891
371,2015-06-26,3.32425068119891
372,2015-06-29,3.321525885558583
373,2015-06-30,3.321525885558583
374,2015-07-01,3.321525885558583
375,2015-07-02,3.32425068119891
376,2015-07-06,3.321525885558583
377,2015-07-07,3.32425068119891
378,2015-07-08,3.32425068119891
379,2015-07-09,3.32425068119891
380,2015-07-10,3.32425068119891
381,2015-07-13,3.32425068119891
382,2015-07-14,3.32425068119891
383,2015-07-15,3.326975476839237
384,2015-07-16,3.326975476839237
385,2015-07-17,3.326975476839237
386,2015-07-20,3.326975476839237
387,2015-07-21,3.32425068119891
388,2015-07-22,3.321525885558583
389,2015-07-23,3.321525885558583
390,2015-07-24,3.32425068119891
391,2015-07-27,3.32425068119891
392,2015-07-28,3.32425068119891
393,2015-07-29,3.326975476839237
394,2015-07-30,3.329700272479564
395,2015-07-31,3.332425068119891
396,2015-08-03,3.329700272479564
397,2015-08-04,3.329700272479564
398,2015-08-05,3.326975476839237
399,2015-08-06,3.326975476839237
400,2015-08-07,3.326975476839237
401,2015-08-10,3.32425068119891
402,2015-08-11,3.326975476839237
403,2015-08-12,3.326975476839237
404,2015-08-13,3.326975476839237
405,2015-08-14,3.329700272479564
406,2015-08-17,3.326975476839237
407,2015-08-18,3.326975476839237
408,2015-08-19,3.326975476839237
409,2015-08-20,3.329700272479564
410,2015-08-21,3.326975476839237
411,2015-08-24,3.32425068119891
412,2015-08-25,3.321525885558583
413,2015-08-26,3.318801089918256
414,2015-08-27,3.318801089918256
415,2015-08-28,3.316076294277929
416,2015-08-31,3.318801089918256
417,2015-09-01,3.321525885558583
418,2015-09-02,3.321525885558583
419,2015-09-03,3.321525885558583
420,2015-09-04,3.32425068119891
421,2015-09-08,3.32425068119891
422,2015-09-09,3.32425068119891
423,2015-09-10,3.32425068119891
424,2015-09-11,3.32425068119891
425,2015-09-14,3.326975476839237
426,2015-09-15,3.326975476839237
427,2015-09-16,3.326975476839237
428,2015-09-17,3.326975476839237
429,2015-09-18,3.32425068119891
430,2015-09-21,3.32425068119891
431,2015-09-22,3.321525885558583
432,2015-09-23,3.318801089918256
433,2015-09-24,3.318801089918256
434,2015-09-25,3.316076294277929
435,2015-09-28,3.316076294277929
436,2015-09-29,3.318801089918256
437,2015-09-30,3.318801089918256
438,2015-10-01,3.318801089918256
439,2015-10-02,3.318801089918256
440,2015-10-05,3.318801089918256
441,2015-10-06,3.318801089918256
442,2015-10-07,3.318801089918256
443,2015-10-08,3.318801089918256
444,2015-10-09,3.318801089918256
445,2015-10-12,3.318801089918256
446,2015-10-13,3.318801089918256
447,2015-10-14,3.321525885558583
448,2015-10-15,3.321525885558583
449,2015-10-16,3.321525885558583
450,2015-10-19,3.321525885558583
451,2015-10-20,3.32425068119891
452,2015-10-21,3.326975476839237
453,2015-10-22,3.326975476839237
454,2015-10-23,3.326975476839237
455,2015-10-26,3.326975476839237
456,2015-10-27,3.32425068119891
457,2015-10-28,3.326975476839237
458,2015-10-29,3.32425068119891
459,2015-10-30,3.32425068119891
460,2015-11-02,3.326975476839237
461,2015-11-03,3.329700272479564
462,2015-11-04,3.326975476839237
463,2015-11-05,3.32425068119891
464,2015-11-06,3.326975476839237
465,2015-11-09,3.329700272479564
466,2015-11-10,3.332425068119891
467,2015-11-11,3.332425068119891
468,2015-11-12,3.332425068119891
469,2015-11-13,3.335149863760218
470,2015-11-16,3.335149863760218
471,2015-11-17,3.337874659400545
472,2015-11-18,3.337874659400545
473,2015-11-19,3.337874659400545
474,2015-11-20,3.337874659400545
475,2015-11-23,3.337874659400545
476,2015-11-24,3.335149863760218
477,2015-11-25,3.335149863760218
478,2015-11-27,3.337874659400545
479,2015-11-30,3.3405994550408717
480,2015-12-01,3.3405994550408717
481,2015-12-02,3.343324250681199
482,2015-12-03,3.343324250681199
483,2015-12-04,3.3405994550408717
484,2015-12-07,3.343324250681199
485,2015-12-08,3.343324250681199
486,2015-12-09,3.343324250681199
487,2015-12-10,3.343324250681199
488,2015-12-11,3.3405994550408717
489,2015-12-14,3.3405994550408717
490,2015-12-15,3.3405994550408717
491,2015-12-16,3.3405994550408717
492,2015-12-17,3.3405994550408717
493,2015-12-18,3.337874659400545
494,2015-12-21,3.3405994550408717
495,2015-12-22,3.343324250681199
496,2015-12-23,3.346049046321526
497,2015-12-24,3.343324250681199
498,2015-12-28,3.343324250681199
499,2015-12-29,3.3405994550408717
500,2015-12-30,3.3405994550408717
501,2015-12-31,3.3405994550408717
502,2016-01-04,3.3405994550408717
503,2016-01-05,3.343324250681199
504,2016-01-06,3.343324250681199
505,2016-01-07,3.346049046321526
506,2016-01-08,3.346049046321526
507,2016-01-11,3.346049046321526
508,2016-01-12,3.346049046321526
509,2016-01-13,3.346049046321526
510,2016-01-14,3.3487738419618527
511,2016-01-15,3.3487738419618527
512,2016-01-19,3.3487738419618527
513,2016-01-20,3.3487738419618527
514,2016-01-21,3.3487738419618527
515,2016-01-22,3.346049046321526
516,2016-01-25,3.343324250681199
517,2016-01-26,3.346049046321526
518,2016-01-27,3.343324250681199
519,2016-01-28,3.343324250681199
520,2016-01-29,3.3405994550408717
521,2016-02-01,3.3405994550408717
522,2016-02-02,3.3405994550408717
523,2016-02-03,3.337874659400545
524,2016-02-04,3.337874659400545
525,2016-02-05,3.337874659400545
526,2016-02-08,3.3405994550408717
527,2016-02-09,3.337874659400545
528,2016-02-10,3.337874659400545
529,2016-02-11,3.3405994550408717
530,2016-02-12,3.3405994550408717
531,2016-02-16,3.343324250681199
532,2016-02-17,3.343324250681199
533,2016-02-18,3.3405994550408717
534,2016-02-19,3.343324250681199
535,2016-02-22,3.343324250681199
536,2016-02-23,3.343324250681199
537,2016-02-24,3.343324250681199
538,2016-02-25,3.346049046321526
539,2016-02-26,3.346049046321526
540,2016-02-29,3.346049046321526
541,2016-03-01,3.346049046321526
542,2016-03-02,3.346049046321526
543,2016-03-03,3.346049046321526
544,2016-03-04,3.346049046321526
545,2016-03-07,3.343324250681199
546,2016-03-08,3.346049046321526
547,2016-03-09,3.3487738419618527
548,2016-03-10,3.3487738419618527
549,2016-03-11,3.346049046321526
550,2016-03-14,3.343324250681199
551,2016-03-15,3.346049046321526
552,2016-03-16,3.346049046321526
553,2016-03-17,3.346049046321526
554,2016-03-18,3.343324250681199
555,2016-03-21,3.343324250681199
556,2016-03-22,3.3405994550408717
557,2016-03-23,3.343324250681199
558,2016-03-24,3.346049046321526
559,2016-03-28,3.3487738419618527
560,2016-03-29,3.35149863760218
561,2016-03-30,3.35149863760218
562,2016-03-31,3.35149863760218
563,2016-04-01,3.35149863760218
564,2016-04-04,3.35149863760218
565,2016-04-05,3.35149863760218
566,2016-04-06,3.35149863760218
567,2016-04-07,3.35149863760218
568,2016-04-08,3.35149863760218
569,2016-04-11,3.35149863760218
570,2016-04-12,3.35149863760218
571,2016-04-13,3.3487738419618527
572,2016-04-14,3.3487738419618527
573,2016-04-15,3.3487738419618527
574,2016-04-18,3.3487738419618527
575,2016-04-19,3.3487738419618527
576,2016-04-20,3.3487738419618527
577,2016-04-21,3.35149863760218
578,2016-04-22,3.3487738419618527
579,2016-04-25,3.346049046321526
580,2016-04-26,3.3487738419618527
581,2016-04-27,3.35149863760218
582,2016-04-28,3.35149863760218
583,2016-04-29,3.354223433242507
584,2016-05-02,3.354223433242507
585,2016-05-03,3.354223433242507
586,2016-05-04,3.35149863760218
587,2016-05-05,3.3487738419618527
588,2016-05-06,3.346049046321526
589,2016-05-09,3.343324250681199
590,2016-05-10,3.3405994550408717
591,2016-05-11,3.337874659400545
592,2016-05-12,3.337874659400545
593,2016-05-13,3.335149863760218
594,2016-05-16,3.337874659400545
595,2016-05-17,3.335149863760218
596,2016-05-18,3.335149863760218
597,2016-05-19,3.337874659400545
598,2016-05-20,3.337874659400545
599,2016-05-23,3.335149863760218
600,2016-05-24,3.335149863760218
601,2016-05-25,3.335149863760218
602,2016-05-26,3.337874659400545
603,2016-05-27,3.337874659400545
604,2016-05-31,3.3405994550408717
605,2016-06-01,3.343324250681199
606,2016-06-02,3.343324250681199
607,2016-06-03,3.343324250681199
608,2016-06-06,3.343324250681199
609,2016-06-07,3.3405994550408717
610,2016-06-08,3.3405994550408717
611,2016-06-09,3.3405994550408717
612,2016-06-10,3.337874659400545
613,2016-06-13,3.337874659400545
614,2016-06-14,3.337874659400545
615,2016-06-15,3.337874659400545
616,2016-06-16,3.337874659400545
617,2016-06-17,3.335149863760218
618,2016-06-20,3.337874659400545
619,2016-06-21,3.335149863760218
620,2016-06-22,3.337874659400545
621,2016-06-23,3.337874659400545
622,2016-06-24,3.337874659400545
623,2016-06-27,3.337874659400545
624,2016-06-28,3.337874659400545
625,2016-06-29,3.337874659400545
626,2016-06-30,3.3405994550408717
627,2016-07-01,3.337874659400545
628,2016-07-05,3.337874659400545
629,2016-07-06,3.337874659400545
630,2016-07-07,3.335149863760218
631,2016-07-08,3.335149863760218
632,2016-07-11,3.335149863760218
633,2016-07-12,3.335149863760218
634,2016-07-13,3.335149863760218
635,2016-07-14,3.335149863760218
636,2016-07-15,3.332425068119891
637,2016-07-18,3.332425068119891
638,2016-07-19,3.332425068119891
639,2016-07-20,3.329700272479564
640,2016-07-21,3.326975476839237
641,2016-07-22,3.326975476839237
642,2016-07-25,3.326975476839237
643,2016-07-26,3.326975476839237
644,2016-07-27,3.326975476839237
645,2016-07-28,3.326975476839237
646,2016-07-29,3.326975476839237
647,2016-08-01,3.326975476839237
648,2016-08-02,3.326975476839237
649,2016-08-03,3.326975476839237
650,2016-08-04,3.326975476839237
651,2016-08-05,3.326975476839237
652,2016-08-08,3.326975476839237
653,2016-08-09,3.326975476839237
654,2016-08-10,3.326975476839237
655,2016-08-11,3.32425068119891
656,2016-08-12,3.32425068119891
657,2016-08-15,3.321525885558583
658,2016-08-16,3.321525885558583
659,2016-08-17,3.321525885558583
660,2016-08-18,3.32425068119891
661,2016-08-19,3.32425068119891
662,2016-08-22,3.326975476839237
663,2016-08-23,3.326975476839237
664,2016-08-24,3.326975476839237
665,2016-08-25,3.32425068119891
666,2016-08-26,3.32425068119891
667,2016-08-29,3.32425068119891
668,2016-08-30,3.321525885558583
669,2016-08-31,3.32425068119891
670,2016-09-01,3.32425068119891
671,2016-09-02,3.32425068119891
672,2016-09-06,3.321525885558583
673,2016-09-07,3.321525885558583
674,2016-09-08,3.32425068119891
675,2016-09-09,3.32425068119891
676,2016-09-12,3.32425068119891
677,2016-09-13,3.321525885558583
678,2016-09-14,3.32425068119891
679,2016-09-15,3.32425068119891
680,2016-09-16,3.321525885558583
681,2016-09-19,3.318801089918256
682,2016-09-20,3.318801089918256
683,2016-09-21,3.318801089918256
684,2016-09-22,3.318801089918256
685,2016-09-23,3.318801089918256
686,2016-09-26,3.318801089918256
687,2016-09-27,3.318801089918256
688,2016-09-28,3.318801089918256
689,2016-09-29,3.321525885558583
690,2016-09-30,3.321525885558583
691,2016-10-03,3.32425068119891
692,2016-10-04,3.326975476839237
693,2016-10-05,3.326975476839237
694,2016-10-06,3.32425068119891
695,2016-10-07,3.32425068119891
696,2016-10-10,3.32425068119891
697,2016-10-11,3.326975476839237
698,2016-10-12,3.32425068119891
699,2016-10-13,3.32425068119891
700,2016-10-14,3.321525885558583
701,2016-10-17,3.318801089918256
702,2016-10-18,3.318801089918256
703,2016-10-19,3.318801089918256
704,2016-10-20,3.321525885558583
705,2016-10-21,3.321525885558583
706,2016-10-24,3.321525885558583
707,2016-10-25,3.321525885558583
708,2016-10-26,3.321525885558583
709,2016-10-27,3.321525885558583
710,2016-10-28,3.318801089918256
711,2016-10-31,3.316076294277929
712,2016-11-01,3.3133514986376023
713,2016-11-02,3.316076294277929
714,2016-11-03,3.316076294277929
715,2016-11-04,3.316076294277929
716,2016-11-07,3.318801089918256
717,2016-11-08,3.318801089918256
718,2016-11-09,3.318801089918256
719,2016-11-10,3.318801089918256
720,2016-11-11,3.318801089918256
721,2016-11-14,3.318801089918256
722,2016-11-15,3.316076294277929
723,2016-11-16,3.316076294277929
724,2016-11-17,3.3133514986376023
725,2016-11-18,3.310626702997275
726,2016-11-21,3.3079019073569484
727,2016-11-22,3.3051771117166213
728,2016-11-23,3.3051771117166213
729,2016-11-25,3.3051771117166213
730,2016-11-28,3.3051771117166213
731,2016-11-29,3.302452316076294
732,2016-11-30,3.2997275204359675
733,2016-12-01,3.302452316076294
734,2016-12-02,3.3051771117166213
735,2016-12-05,3.302452316076294
736,2016-12-06,3.302452316076294
737,2016-12-07,3.302452316076294
738,2016-12-08,3.302452316076294
739,2016-12-09,3.302452316076294
740,2016-12-12,3.302452316076294
741,2016-12-13,3.302452316076294
742,2016-12-14,3.2997275204359675
743,2016-12-15,3.2997275204359675
744,2016-12-16,3.2970027247956404
745,2016-12-19,3.2997275204359675
746,2016-12-20,3.2997275204359675
747,2016-12-21,3.2997275204359675
748,2016-12-22,3.2997275204359675
749,2016-12-23,3.2997275204359675
750,2016-12-27,3.2970027247956404
751,2016-12-28,3.2942779291553133
752,2016-12-29,3.2942779291553133
753,2016-12-30,3.2970027247956404
754,2017-01-03,3.2970027247956404
755,2017-01-04,3.2970027247956404
756,2017-01-05,3.2997275204359675
757,2017-01-06,3.2970027247956404
758,2017-01-09,3.2942779291553133
759,2017-01-10,3.2970027247956404
760,2017-01-11,3.2942779291553133
761,2017-01-12,3.2915531335149866
762,2017-01-13,3.2915531335149866
763,2017-01-17,3.2915531335149866
764,2017-01-18,3.2915531335149866
765,2017-01-19,3.2942779291553133
766,2017-01-20,3.2970027247956404
767,2017-01-23,3.2997275204359675
768,2017-01-24,3.2997275204359675
769,2017-01-25,3.2970027247956404
770,2017-01-26,3.2997275204359675
771,2017-01-27,3.2997275204359675
772,2017-01-30,3.2970027247956404
773,2017-01-31,3.2970027247956404
774,2017-02-01,3.2970027247956404
775,2017-02-02,3.2970027247956404
776,2017-02-03,3.2970027247956404
777,2017-02-06,3.2997275204359675
778,2017-02-07,3.2997275204359675
779,2017-02-08,3.2997275204359675
780,2017-02-09,3.2997275204359675
781,2017-02-10,3.2997275204359675
782,2017-02-13,3.2997275204359675
783,2017-02-14,3.2997275204359675
784,2017-02-15,3.2970027247956404
785,2017-02-16,3.2970027247956404
786,2017-02-17,3.2997275204359675
787,2017-02-21,3.2970027247956404
788,2017-02-22,3.2942779291553133
789,2017-02-23,3.2970027247956404
790,2017-02-24,3.2997275204359675
791,2017-02-27,3.2997275204359675
792,2017-02-28,3.2970027247956404
793,2017-03-01,3.2942779291553133
794,2017-03-02,3.2942779291553133
795,2017-03-03,3.2970027247956404
796,2017-03-06,3.2970027247956404
797,2017-03-07,3.2997275204359675
798,2017-03-08,3.2997275204359675
799,2017-03-09,3.302452316076294
800,2017-03-10,3.302452316076294
801,2017-03-13,3.3051771117166213
802,2017-03-14,3.3079019073569484
803,2017-03-15,3.3079019073569484
804,2017-03-16,3.3079019073569484
805,2017-03-17,3.3079019073569484
806,2017-03-20,3.3079019073569484
807,2017-03-21,3.3079019073569484
808,2017-03-22,3.310626702997275
809,2017-03-23,3.3133514986376023
810,2017-03-24,3.3133514986376023
811,2017-03-27,3.3133514986376023
812,2017-03-28,3.3133514986376023
813,2017-03-29,3.3133514986376023
814,2017-03-30,3.310626702997275
815,2017-03-31,3.310626702997275
816,2017-04-03,3.310626702997275
817,2017-04-04,3.310626702997275
818,2017-04-05,3.3079019073569484
819,2017-04-06,3.3051771117166213
820,2017-04-07,3.3079019073569484
821,2017-04-10,3.3079019073569484
822,2017-04-11,3.3079019073569484
823,2017-04-12,3.3079019073569484
824,2017-04-13,3.3051771117166213
825,2017-04-17,3.3051771117166213
826,2017-04-18,3.3051771117166213
827,2017-04-19,3.302452316076294
828,2017-04-20,3.2997275204359675
829,2017-04-21,3.2997275204359675
830,2017-04-24,3.2997275204359675
831,2017-04-25,3.2970027247956404
832,2017-04-26,3.2970027247956404
833,2017-04-27,3.2970027247956404
834,2017-04-28,3.2997275204359675
835,2017-05-01,3.2997275204359675
836,2017-05-02,3.2997275204359675
837,2017-05-03,3.2997275204359675
838,2017-05-04,3.2970027247956404
839,2017-05-05,3.2970027247956404
840,2017-05-08,3.2997275204359675
841,2017-05-09,3.2997275204359675
842,2017-05-10,3.2997275204359675
843,2017-05-11,3.302452316076294
844,2017-05-12,3.3051771117166213
845,2017-05-15,3.3051771117166213
846,2017-05-16,3.3051771117166213
847,2017-05-17,3.302452316076294
848,2017-05-18,3.302452316076294
849,2017-05-19,3.302452316076294
850,2017-05-22,3.302452316076294
851,2017-05-23,3.302452316076294
852,2017-05-24,3.302452316076294
853,2017-05-25,3.3051771117166213
854,2017-05-26,3.3079019073569484
855,2017-05-30,3.3079019073569484
856,2017-05-31,3.3051771117166213
857,2017-06-01,3.3051771117166213
858,2017-06-02,3.3051771117166213
859,2017-06-05,3.3079019073569484
860,2017-06-06,3.310626702997275
861,2017-06-07,3.3079019073569484
862,2017-06-08,3.3079019073569484
863,2017-06-09,3.3051771117166213
864,2017-06-12,3.3079019073569484
865,2017-06-13,3.3051771117166213
866,2017-06-14,3.3051771117166213
867,2017-06-15,3.3079019073569484
868,2017-06-16,3.3051771117166213
869,2017-06-19,3.3051771117166213
870,2017-06-20,3.3051771117166213
871,2017-06-21,3.3051771117166213
872,2017-06-22,3.302452316076294
873,2017-06-23,3.302452316076294
874,2017-06-26,3.302452316076294
875,2017-06-27,3.302452316076294
876,2017-06-28,3.302452316076294
877,2017-06-29,3.302452316076294
878,2017-06-30,3.302452316076294
879,2017-07-03,3.302452316076294
880,2017-07-05,3.3051771117166213
881,2017-07-06,3.3051771117166213
882,2017-07-07,3.3051771117166213
883,2017-07-10,3.3051771117166213
884,2017-07-11,3.3051771117166213
885,2017-07-12,3.3051771117166213
886,2017-07-13,3.3051771117166213
887,2017-07-14,3.3051771117166213
888,2017-07-17,3.3051771117166213
889,2017-07-18,3.3051771117166213
890,2017-07-19,3.3051771117166213
891,2017-07-20,3.302452316076294
892,2017-07-21,3.302452316076294
893,2017-07-24,3.302452316076294
894,2017-07-25,3.302452316076294
895,2017-07-26,3.3051771117166213
896,2017-07-27,3.3051771117166213
897,2017-07-28,3.3051771117166213
898,2017-07-31,3.302452316076294
899,2017-08-01,3.3051771117166213
900,2017-08-02,3.3051771117166213
901,2017-08-03,3.302452316076294
902,2017-08-04,3.302452316076294
903,2017-08-07,3.302452316076294
904,2017-08-08,3.302452316076294
905,2017-08-09,3.302452316076294
906,2017-08-10,3.3051771117166213
907,2017-08-11,3.3051771117166213
908,2017-08-14,3.302452316076294
909,2017-08-15,3.302452316076294
910,2017-08-16,3.302452316076294
911,2017-08-17,3.3051771117166213
912,2017-08-18,3.3051771117166213
913,2017-08-21,3.302452316076294
914,2017-08-22,3.2997275204359675
915,2017-08-23,3.2997275204359675
916,2017-08-24,3.2997275204359675
917,2017-08-25,3.302452316076294
918,2017-08-28,3.2997275204359675
919,2017-08-29,3.2997275204359675
920,2017-08-30,3.302452316076294
921,2017-08-31,3.302452316076294
922,2017-10-02,3.3051771117166213
923,2017-10-03,3.3051771117166213
924,2017-10-04,3.3051771117166213
925,2017-10-05,3.302452316076294
926,2017-10-06,3.2997275204359675
927,2017-10-09,3.2997275204359675
928,2017-10-10,3.2997275204359675
929,2017-10-11,3.2997275204359675
930,2017-10-12,3.2997275204359675
931,2017-10-13,3.2997275204359675
932,2017-10-16,3.302452316076294
933,2017-10-17,3.3051771117166213
934,2017-10-18,3.3051771117166213
935,2017-10-19,3.3051771117166213
936,2017-10-20,3.3051771117166213
937,2017-10-23,3.3051771117166213
938,2017-10-24,3.3079019073569484
939,2017-10-25,3.310626702997275
940,2017-10-26,3.3133514986376023
941,2017-10-27,3.316076294277929
942,2017-10-30,3.318801089918256
943,2017-10-31,3.318801089918256
944,2017-11-01,3.316076294277929
945,2017-11-02,3.316076294277929
946,2017-11-03,3.316076294277929
947,2017-11-06,3.3133514986376023
948,2017-11-07,3.3133514986376023
949,2017-11-08,3.3133514986376023
950,2017-11-09,3.310626702997275
951,2017-11-10,3.3133514986376023
952,2017-11-13,3.3133514986376023
953,2017-11-14,3.316076294277929
954,2017-11-15,3.318801089918256
955,2017-11-16,3.318801089918256
956,2017-11-17,3.321525885558583
957,2017-11-20,3.321525885558583
958,2017-11-21,3.32425068119891
959,2017-11-22,3.321525885558583
960,2017-11-24,3.321525885558583
961,2017-11-27,3.318801089918256
962,2017-11-28,3.318801089918256
963,2017-11-29,3.321525885558583
964,2017-11-30,3.321525885558583
965,2017-12-01,3.321525885558583
966,2017-12-04,3.32425068119891
967,2017-12-05,3.32425068119891
968,2017-12-06,3.32425068119891
969,2017-12-07,3.321525885558583
970,2017-12-08,3.321525885558583
971,2017-12-11,3.321525885558583
972,2017-12-12,3.318801089918256
973,2017-12-13,3.318801089918256
974,2017-12-14,3.316076294277929
975,2017-12-15,3.316076294277929
976,2017-12-18,3.316076294277929
977,2017-12-19,3.316076294277929
978,2017-12-20,3.316076294277929
979,2017-12-21,3.316076294277929
980,2017-12-22,3.316076294277929
981,2017-12-26,3.316076294277929
982,2017-12-27,3.318801089918256
983,2017-12-28,3.318801089918256
984,2017-12-29,3.321525885558583
985,2018-04-02,3.318801089918256
986,2018-04-03,3.318801089918256
987,2018-04-04,3.316076294277929
988,2018-04-05,3.3133514986376023
989,2018-04-06,3.3133514986376023
990,2018-04-09,3.3133514986376023
991,2018-04-10,3.3133514986376023
992,2018-04-11,3.316076294277929
993,2018-04-12,3.3133514986376023
994,2018-04-13,3.316076294277929
995,2018-04-16,3.316076294277929
996,2018-04-17,3.318801089918256
997,2018-04-18,3.321525885558583
998,2018-04-19,3.321525885558583
999,2018-04-20,3.32425068119891
1000,2018-04-23,3.321525885558583
1001,2018-04-24,3.32425068119891
1002,2018-04-25,3.326975476839237
1003,2018-04-26,3.326975476839237
1004,2018-04-27,3.329700272479564
1005,2018-04-30,3.332425068119891
1006,2018-06-01,3.332425068119891
1007,2018-06-04,3.335149863760218
1008,2018-06-05,3.335149863760218
1009,2018-06-06,3.335149863760218
1010,2018-06-07,3.335149863760218
1011,2018-06-08,3.335149863760218
1012,2018-06-11,3.337874659400545
1013,2018-06-12,3.3405994550408717
1014,2018-06-13,3.343324250681199
1015,2018-06-14,3.343324250681199
1016,2018-06-15,3.343324250681199
1017,2018-06-18,3.3405994550408717
1018,2018-06-19,3.3405994550408717
1019,2018-06-20,3.3405994550408717
1020,2018-06-21,3.3405994550408717
1021,2018-06-22,3.3405994550408717
1022,2018-06-25,3.3405994550408717
1023,2018-06-26,3.3405994550408717
1024,2018-06-27,3.3405994550408717
1025,2018-06-28,3.343324250681199
1026,2018-06-29,3.346049046321526
1027,2018-07-02,3.343324250681199
1028,2018-07-03,3.343324250681199
1029,2018-07-05,3.343324250681199
1030,2018-07-06,3.343324250681199
1031,2018-07-09,3.346049046321526
1032,2018-07-10,3.346049046321526
1033,2018-07-11,3.3487738419618527
1034,2018-07-12,3.3487738419618527
1035,2018-07-13,3.3487738419618527
1036,2018-07-16,3.3487738419618527
1037,2018-07-17,3.35149863760218
1038,2018-07-18,3.35149863760218
1039,2018-07-19,3.35149863760218
1040,2018-07-20,3.35149863760218
1041,2018-07-23,3.3487738419618527
1042,2018-07-24,3.3487738419618527
1043,2018-07-25,3.35149863760218
1044,2018-07-26,3.35149863760218
1045,2018-07-27,3.3487738419618527
1046,2018-07-30,3.35149863760218
1047,2018-07-31,3.35149863760218
1048,2018-08-01,3.354223433242507
1049,2018-08-02,3.3569482288828336
1050,2018-08-03,3.3569482288828336
1051,2018-08-06,3.354223433242507
1052,2018-08-07,3.354223433242507
1053,2018-08-08,3.354223433242507
1054,2018-08-09,3.354223433242507
1055,2018-08-10,3.354223433242507
1056,2018-08-13,3.354223433242507
1057,2018-08-14,3.354223433242507
1058,2018-08-15,3.35149863760218
1059,2018-08-16,3.3487738419618527
1060,2018-08-17,3.3487738419618527
1061,2018-08-20,3.3487738419618527
1062,2018-08-21,3.346049046321526
1063,2018-08-22,3.346049046321526
1064,2018-08-23,3.343324250681199
1065,2018-08-24,3.343324250681199
1066,2018-08-27,3.343324250681199
1067,2018-08-28,3.343324250681199
1068,2018-08-29,3.343324250681199
1069,2018-08-30,3.343324250681199
1070,2018-08-31,3.343324250681199
1071,2018-09-04,3.3405994550408717
1072,2018-09-05,3.343324250681199
1073,2018-09-06,3.343324250681199
1074,2018-09-07,3.343324250681199
1075,2018-09-10,3.343324250681199
1076,2018-09-11,3.346049046321526
1077,2018-09-12,3.346049046321526
1078,2018-09-13,3.346049046321526
1079,2018-09-14,3.3487738419618527
1080,2018-09-17,3.346049046321526
1081,2018-09-18,3.346049046321526
1082,2018-09-19,3.346049046321526
1083,2018-09-20,3.343324250681199
1084,2018-09-21,3.346049046321526
1085,2018-09-24,3.3487738419618527
1086,2018-09-25,3.3487738419618527
1087,2018-09-26,3.3487738419618527
1088,2018-09-27,3.35149863760218
1089,2018-09-28,3.35149863760218
1090,2018-10-01,3.35149863760218
1091,2018-10-02,3.35149863760218
1092,2018-10-03,3.35149863760218
1093,2018-10-04,3.35149863760218
1094,2018-10-05,3.35149863760218
1095,2018-10-08,3.35149863760218
1096,2018-10-09,3.354223433242507
1097,2018-10-10,3.354223433242507
1098,2018-10-11,3.354223433242507
1099,2018-10-12,3.3569482288828336
1100,2018-10-15,3.354223433242507
1101,2018-10-16,3.354223433242507
1102,2018-10-17,3.354223433242507
1103,2018-10-18,3.354223433242507
1104,2018-10-19,3.354223433242507
1105,2018-10-22,3.354223433242507
1106,2018-10-23,3.3569482288828336
1107,2018-10-24,3.3596730245231607
1108,2018-10-25,3.362397820163488
1109,2018-10-26,3.362397820163488
1110,2018-10-29,3.362397820163488
1111,2018-10-30,3.362397820163488
1112,2018-10-31,3.3596730245231607
1113,2018-11-01,3.3596730245231607
1114,2018-11-02,3.362397820163488
1115,2018-11-05,3.362397820163488
1116,2018-11-06,3.3596730245231607
1117,2018-11-07,3.3596730245231607
1118,2018-11-08,3.362397820163488
1119,2018-11-09,3.362397820163488
1120,2018-11-12,3.3596730245231607
1121,2018-11-13,3.3596730245231607
1122,2018-11-14,3.362397820163488
1123,2018-11-15,3.3596730245231607
1124,2018-11-16,3.3596730245231607
1125,2018-11-19,3.3596730245231607
1126,2018-11-20,3.3569482288828336
1127,2018-11-21,3.3569482288828336
1128,2018-11-23,3.3569482288828336
1129,2018-11-26,3.354223433242507
1130,2018-11-27,3.354223433242507
1131,2018-11-28,3.35149863760218
1132,2018-11-29,3.35149863760218
1133,2018-11-30,3.3487738419618527
1134,2019-01-02,3.346049046321526
1135,2019-01-03,3.346049046321526
1136,2019-01-04,3.346049046321526
1137,2019-01-07,3.346049046321526
1138,2019-01-08,3.3487738419618527
1139,2019-01-09,3.3487738419618527
1140,2019-01-10,3.35149863760218
1141,2019-01-11,3.35149863760218
1142,2019-01-14,3.35149863760218
1143,2019-01-15,3.3487738419618527
1144,2019-01-16,3.346049046321526
1145,2019-01-17,3.3487738419618527
1146,2019-01-18,3.3487738419618527
1147,2019-01-22,3.3487738419618527
1148,2019-01-23,3.3487738419618527
1149,2019-01-24,3.35149863760218
1150,2019-01-25,3.35149863760218
1151,2019-01-28,3.354223433242507
1152,2019-01-29,3.354223433242507
1153,2019-01-30,3.35149863760218
1154,2019-01-31,3.354223433242507
1155,2019-02-01,3.354223433242507
1156,2019-02-04,3.354223433242507
1157,2019-02-05,3.35149863760218
1158,2019-02-06,3.354223433242507
1159,2019-02-07,3.354223433242507
1160,2019-02-08,3.354223433242507
1161,2019-02-11,3.3569482288828336
1162,2019-02-12,3.3569482288828336
1163,2019-02-13,3.3596730245231607
1164,2019-02-14,3.3569482288828336
1165,2019-02-15,3.3569482288828336
1166,2019-02-19,3.354223433242507
1167,2019-02-20,3.354223433242507
1168,2019-02-21,3.35149863760218
1169,2019-02-22,3.3487738419618527
1170,2019-02-25,3.346049046321526
1171,2019-02-26,3.3487738419618527
1172,2019-02-27,3.35149863760218
1173,2019-02-28,3.35149863760218
1174,2019-03-01,3.3487738419618527
1175,2019-03-04,3.346049046321526
1176,2019-03-05,3.343324250681199
1177,2019-03-06,3.343324250681199
1178,2019-03-07,3.343324250681199
1179,2019-03-08,3.343324250681199
1180,2019-03-11,3.346049046321526
1181,2019-03-12,3.346049046321526
1182,2019-03-13,3.3487738419618527
1183,2019-03-14,3.3487738419618527
1184,2019-03-15,3.3487738419618527
1185,2019-03-18,3.3487738419618527
1186,2019-03-19,3.3487738419618527
1187,2019-03-20,3.3487738419618527
1188,2019-03-21,3.35149863760218
1189,2019-03-22,3.354223433242507
1190,2019-03-25,3.3569482288828336
1191,2019-03-26,3.3596730245231607
1192,2019-03-27,3.3596730245231607
1193,2019-03-28,3.362397820163488
1194,2019-03-29,3.362397820163488
1195,2019-04-01,3.362397820163488
1196,2019-04-02,3.3651226158038146
1197,2019-04-03,3.3651226158038146
1198,2019-04-04,3.3651226158038146
1199,2019-04-05,3.3651226158038146
1200,2019-04-08,3.362397820163488
1201,2019-04-09,3.362397820163488
1202,2019-04-10,3.3651226158038146
1203,2019-04-11,3.3651226158038146
1204,2019-04-12,3.362397820163488
1205,2019-04-15,3.3651226158038146
1206,2019-04-16,3.3651226158038146
1207,2019-04-17,3.3651226158038146
1208,2019-04-18,3.3678474114441417
1209,2019-04-22,3.3678474114441417
1210,2019-04-23,3.3678474114441417
1211,2019-04-24,3.3678474114441417
1212,2019-04-25,3.3678474114441417
1213,2019-04-26,3.3651226158038146
1214,2019-04-29,3.3678474114441417
1215,2019-04-30,3.3678474114441417
1216,2019-05-01,3.370572207084469
1217,2019-05-02,3.3732970027247955
1218,2019-05-03,3.3732970027247955
1219,2019-05-06,3.3760217983651226
1220,2019-05-07,3.3732970027247955
1221,2019-05-08,3.370572207084469
1222,2019-05-09,3.370572207084469
1223,2019-05-10,3.3732970027247955
1224,2019-05-13,3.3732970027247955
1225,2019-05-14,3.3760217983651226
1226,2019-05-15,3.3732970027247955
1227,2019-05-16,3.370572207084469
1228,2019-05-17,3.3732970027247955
1229,2019-05-20,3.370572207084469
1230,2019-05-21,3.3732970027247955
1231,2019-05-22,3.370572207084469
1232,2019-05-23,3.370572207084469
1233,2019-05-24,3.370572207084469
1234,2019-05-28,3.370572207084469
1235,2019-05-29,3.3732970027247955
1236,2019-05-30,3.3760217983651226
1237,2019-05-31,3.3760217983651226
1238,2019-06-03,3.3760217983651226
1239,2019-06-04,3.3760217983651226
1240,2019-06-05,3.3732970027247955
1241,2019-06-06,3.3760217983651226
1242,2019-06-07,3.3760217983651226
1243,2019-06-10,3.3760217983651226
1244,2019-06-11,3.3760217983651226
1245,2019-06-12,3.3787465940054497
1246,2019-06-13,3.3814713896457764
1247,2019-06-14,3.3787465940054497
1248,2019-06-17,3.3814713896457764
1249,2019-06-18,3.3841961852861036
1250,2019-06-19,3.3841961852861036
1251,2019-06-20,3.3814713896457764
1252,2019-06-21,3.3841961852861036
1253,2019-06-24,3.3841961852861036
1254,2019-06-25,3.3869209809264307
1255,2019-06-26,3.3841961852861036
1256,2019-06-27,3.3869209809264307
1257,2019-06-28,3.3896457765667574
1258,2019-07-01,3.3896457765667574
1259,2019-07-02,3.3923705722070845
1260,2019-07-03,3.3923705722070845
1261,2019-07-05,3.3950953678474116
1262,2019-07-08,3.3950953678474116
1263,2019-07-09,3.3950953678474116
1264,2019-07-10,3.3950953678474116
1265,2019-07-11,3.3978201634877383
1266,2019-07-12,3.3978201634877383
1267,2019-07-15,3.4005449591280654
1268,2019-07-16,3.4032697547683926
1269,2019-07-17,3.4032697547683926
1270,2019-07-18,3.4059945504087192
1271,2019-07-19,3.4087193460490464
1272,2019-07-22,3.4059945504087192
1273,2019-07-23,3.4059945504087192
1274,2019-07-24,3.4087193460490464
1275,2019-07-25,3.4114441416893735
1276,2019-07-26,3.4141689373297
1277,2019-07-29,3.4168937329700273
1278,2019-07-30,3.4141689373297
1279,2019-07-31,3.4168937329700273
1280,2019-08-01,3.4168937329700273
1281,2019-08-02,3.4168937329700273
1282,2019-08-05,3.4168937329700273
1283,2019-08-06,3.4168937329700273
1284,2019-08-07,3.4168937329700273
1285,2019-08-08,3.4196185286103544
1286,2019-08-09,3.422343324250681
1287,2019-08-12,3.422343324250681
1288,2019-08-13,3.4250681198910082
1289,2019-08-14,3.4250681198910082
1290,2019-08-15,3.4277929155313354
1291,2019-08-16,3.4277929155313354
1292,2019-08-19,3.430517711171662
1293,2019-08-20,3.433242506811989
1294,2019-08-21,3.433242506811989
1295,2019-08-22,3.4359673024523163
1296,2019-08-23,3.438692098092643
1297,2019-08-26,3.44141689373297
1298,2019-08-27,3.44141689373297
1299,2019-08-28,3.44141689373297
1300,2019-08-29,3.44141689373297
1301,2019-08-30,3.444141689373297
1302,2019-09-03,3.444141689373297
1303,2019-09-04,3.444141689373297
1304,2019-09-05,3.446866485013624
1305,2019-09-06,3.444141689373297
1306,2019-09-09,3.444141689373297
1307,2019-09-10,3.444141689373297
1308,2019-09-11,3.444141689373297
1309,2019-09-12,3.444141689373297
1310,2019-09-13,3.444141689373297
1311,2019-09-16,3.446866485013624
1312,2019-09-17,3.449591280653951
1313,2019-09-18,3.4523160762942777
1314,2019-09-19,3.4523160762942777
1315,2019-09-20,3.4523160762942777
1316,2019-09-23,3.4523160762942777
1317,2019-09-24,3.4523160762942777
1318,2019-09-25,3.449591280653951
1319,2019-09-26,3.449591280653951
1320,2019-09-27,3.449591280653951
1321,2019-09-30,3.446866485013624
1322,2019-10-01,3.449591280653951
1323,2019-10-02,3.449591280653951
1324,2019-10-03,3.449591280653951
1325,2019-10-04,3.446866485013624
1326,2019-10-07,3.446866485013624
1327,2019-10-08,3.449591280653951
1328,2019-10-09,3.4523160762942777
1329,2019-10-10,3.455040871934605
1330,2019-10-11,3.455040871934605
1331,2019-10-14,3.455040871934605
1332,2019-10-15,3.457765667574932
1333,2019-10-16,3.457765667574932
1334,2019-10-17,3.4604904632152587
1335,2019-10-18,3.463215258855586
1336,2019-10-21,3.463215258855586
1337,2019-10-22,3.463215258855586
1338,2019-10-23,3.463215258855586
1339,2019-10-24,3.465940054495913
1340,2019-10-25,3.465940054495913
1341,2019-10-28,3.465940054495913
1342,2019-10-29,3.4686648501362396
1343,2019-10-30,3.4713896457765667
1344,2019-10-31,3.4713896457765667
1345,2019-11-01,3.474114441416894
1346,2019-11-04,3.4768392370572205
1347,2019-11-05,3.4795640326975477
1348,2019-11-06,3.4795640326975477
1349,2019-11-07,3.4795640326975477
1350,2019-11-08,3.4795640326975477
1351,2019-11-11,3.4768392370572205
1352,2019-11-12,3.4795640326975477
1353,2019-11-13,3.4795640326975477
1354,2019-11-14,3.482288828337875
1355,2019-11-15,3.4850136239782015
1356,2019-11-18,3.4850136239782015
1357,2019-11-19,3.4850136239782015
1358,2019-11-20,3.4877384196185286
1359,2019-11-21,3.4877384196185286
1360,2019-11-22,3.4904632152588557
1361,2019-11-25,3.4877384196185286
1362,2019-11-26,3.4904632152588557
1363,2019-11-27,3.4877384196185286
1364,2019-11-29,3.4850136239782015
1365,2019-12-02,3.4877384196185286
1366,2019-12-03,3.4877384196185286
1367,2019-12-04,3.4877384196185286
1368,2019-12-05,3.4877384196185286
1369,2019-12-06,3.4850136239782015
1370,2019-12-09,3.4877384196185286
1371,2019-12-10,3.4877384196185286
1372,2019-12-11,3.4850136239782015
1373,2019-12-12,3.4850136239782015
1374,2019-12-13,3.4850136239782015
1375,2019-12-16,3.4850136239782015
1376,2019-12-17,3.4877384196185286
1377,2019-12-18,3.4904632152588557
1378,2019-12-19,3.4931880108991824
1379,2019-12-20,3.4931880108991824
1380,2019-12-23,3.4931880108991824
1381,2019-12-24,3.4931880108991824
1382,2019-12-26,3.4904632152588557
1383,2019-12-27,3.4904632152588557
1384,2019-12-30,3.4931880108991824
1385,2019-12-31,3.4959128065395095
1386,2020-01-02,3.4986376021798367
1387,2020-01-03,3.4986376021798367
1388,2020-01-06,3.5013623978201633
1389,2020-01-07,3.5013623978201633
1390,2020-01-08,3.5013623978201633
1391,2020-01-09,3.5040871934604905
1392,2020-01-10,3.5040871934604905
1393,2020-01-13,3.5040871934604905
1394,2020-01-14,3.5040871934604905
1395,2020-01-15,3.5013623978201633
1396,2020-01-16,3.4986376021798367
1397,2020-01-17,3.5013623978201633
1398,2020-01-21,3.5013623978201633
1399,2020-01-22,3.5013623978201633
1400,2020-01-23,3.5013623978201633
1401,2020-01-24,3.5013623978201633
1402,2020-01-27,3.5040871934604905
1403,2020-01-28,3.5040871934604905
1404,2020-01-29,3.5013623978201633
1405,2020-01-30,3.5040871934604905
1406,2020-01-31,3.5068119891008176
1407,2020-02-03,3.5095367847411443
1408,2020-02-04,3.5095367847411443
1409,2020-02-05,3.5122615803814714
1410,2020-02-06,3.5095367847411443
1411,2020-02-07,3.5122615803814714
1412,2020-02-10,3.5122615803814714
1413,2020-02-11,3.5122615803814714
1414,2020-02-12,3.5149863760217985
1415,2020-02-13,3.5122615803814714
1416,2020-02-14,3.5122615803814714
1417,2020-02-18,3.5122615803814714
1418,2020-02-19,3.5149863760217985
1419,2020-02-20,3.517711171662125
1420,2020-02-21,3.5204359673024523
1421,2020-02-24,3.5231607629427795
1422,2020-02-25,3.525885558583106
1423,2020-02-26,3.525885558583106
1424,2020-02-27,3.5286103542234333
1425,2020-02-28,3.5313351498637604
1426,2020-03-02,3.5313351498637604
1427,2020-03-03,3.5313351498637604
1428,2020-03-04,3.534059945504087
1429,2020-03-05,3.534059945504087
1430,2020-03-06,3.534059945504087
1431,2020-03-09,3.536784741144414
1432,2020-03-10,3.5395095367847413
1433,2020-03-11,3.542234332425068
1434,2020-03-12,3.544959128065395
1435,2020-03-13,3.5476839237057223
1436,2020-03-16,3.5476839237057223
1437,2020-03-17,3.5476839237057223
1438,2020-03-18,3.550408719346049
1439,2020-03-19,3.550408719346049
1440,2020-03-20,3.553133514986376
1441,2020-03-23,3.555858310626703
1442,2020-03-24,3.55858310626703
1443,2020-03-25,3.55858310626703
1444,2020-03-26,3.561307901907357
1445,2020-03-27,3.561307901907357
1446,2020-03-30,3.561307901907357
1447,2020-03-31,3.561307901907357
1448,2020-04-01,3.5640326975476837
1449,2020-04-02,3.561307901907357
1450,2020-04-03,3.5640326975476837
1451,2020-04-06,3.5640326975476837
1452,2020-04-07,3.561307901907357
1453,2020-04-08,3.5640326975476837
1454,2020-04-09,3.5640326975476837
1455,2020-04-13,3.561307901907357
1456,2020-04-14,3.561307901907357
1457,2020-04-15,3.561307901907357
1458,2020-04-16,3.561307901907357
1459,2020-04-17,3.5640326975476837
1460,2020-04-20,3.5640326975476837
1461,2020-04-21,3.566757493188011
1462,2020-04-22,3.566757493188011
1463,2020-04-23,3.566757493188011
1464,2020-04-24,3.569482288828338
1465,2020-04-27,3.5722070844686646
1466,2020-04-28,3.569482288828338
1467,2020-04-29,3.569482288828338
1468,2020-04-30,3.566757493188011
1469,2020-05-01,3.566757493188011
1470,2020-05-04,3.569482288828338
1471,2020-05-05,3.569482288828338
1472,2020-05-06,3.569482288828338
1473,2020-05-07,3.569482288828338
1474,2020-05-08,3.569482288828338
1475,2020-05-11,3.566757493188011
1476,2020-05-12,3.566757493188011
1477,2020-05-13,3.566757493188011
1478,2020-05-14,3.566757493188011
1479,2020-05-15,3.569482288828338
1480,2020-05-18,3.5722070844686646
1481,2020-05-19,3.569482288828338
1482,2020-05-20,3.569482288828338
1483,2020-05-21,3.569482288828338
1484,2020-05-22,3.569482288828338
1485,2020-05-26,3.569482288828338
1486,2020-05-27,3.5722070844686646
1487,2020-05-28,3.5749318801089918
1488,2020-05-29,3.577656675749319
1489,2020-06-01,3.577656675749319
1490,2020-06-02,3.5803814713896456
1491,2020-06-03,3.5831062670299727
1492,2020-06-04,3.5858310626703
1493,2020-06-05,3.5858310626703
1494,2020-06-08,3.5885558583106265
1495,2020-06-09,3.5885558583106265
1496,2020-06-10,3.5885558583106265
1497,2020-06-11,3.5912806539509536
1498,2020-06-12,3.5912806539509536
1499,2020-06-15,3.5885558583106265
1500,2020-06-16,3.5885558583106265
1501,2020-06-17,3.5912806539509536
1502,2020-06-18,3.5912806539509536
1503,2020-06-19,3.5940054495912808
1504,2020-06-22,3.5940054495912808
1505,2020-06-23,3.5912806539509536
1506,2020-06-24,3.5940054495912808
1507,2020-06-25,3.5940054495912808
1508,2020-06-26,3.5912806539509536
1509,2020-06-29,3.5912806539509536
1510,2020-06-30,3.5940054495912808
1511,2020-07-01,3.5967302452316074
1512,2020-07-02,3.5967302452316074
1513,2020-07-06,3.5967302452316074
1514,2020-07-07,3.5994550408719346
1515,2020-07-08,3.6021798365122617
1516,2020-07-09,3.6021798365122617
1517,2020-07-10,3.5994550408719346
1518,2020-07-13,3.5967302452316074
1519,2020-07-14,3.5994550408719346
1520,2020-07-15,3.6021798365122617
1521,2020-07-16,3.5994550408719346
1522,2020-07-17,3.6021798365122617
1523,2020-07-20,3.5994550408719346
1524,2020-07-21,3.5994550408719346
1525,2020-07-22,3.5994550408719346
1526,2020-07-23,3.5994550408719346
1527,2020-07-24,3.6021798365122617
1528,2020-07-27,3.6021798365122617
1529,2020-07-28,3.6021798365122617
1530,2020-07-29,3.5994550408719346
1531,2020-07-30,3.5994550408719346
1532,2020-07-31,3.6021798365122617
1533,2020-08-03,3.6049046321525884
1534,2020-08-04,3.6076294277929155
1535,2020-08-05,3.6103542234332426
1536,2020-08-06,3.6103542234332426
1537,2020-08-07,3.6130790190735693
1538,2020-08-10,3.6130790190735693
1539,2020-08-11,3.6130790190735693
1540,2020-08-12,3.6158038147138964
1541,2020-08-13,3.6185286103542236
1542,2020-08-14,3.6212534059945503
1543,2020-08-17,3.6212534059945503
1544,2020-08-18,3.6239782016348774
1545,2020-08-19,3.6267029972752045
1546,2020-08-20,3.6267029972752045
1547,2020-08-21,3.6267029972752045
1548,2020-08-24,3.629427792915531
1549,2020-08-25,3.629427792915531
1550,2020-08-26,3.6321525885558583
1551,2020-08-27,3.6348773841961854
1552,2020-08-28,3.637602179836512
1553,2020-08-31,3.6403269754768393
1554,2020-09-01,3.637602179836512
1555,2020-09-02,3.6348773841961854
1556,2020-09-03,3.6321525885558583
1557,2020-09-04,3.6321525885558583
1558,2020-09-08,3.629427792915531
1559,2020-09-09,3.6321525885558583
1560,2020-09-10,3.6321525885558583
1561,2020-09-11,3.6348773841961854
1562,2020-09-14,3.6348773841961854
1563,2020-09-15,3.6321525885558583
1564,2020-09-16,3.6348773841961854
1565,2020-09-17,3.637602179836512
1566,2020-09-18,3.637602179836512
1567,2020-09-21,3.637602179836512
1568,2020-09-22,3.637602179836512
1569,2020-09-23,3.637602179836512
1570,2020-09-24,3.637602179836512
1571,2020-09-25,3.637602179836512
1572,2020-09-28,3.6348773841961854
1573,2020-09-29,3.6348773841961854
1574,2020-09-30,3.6348773841961854
1575,2020-10-01,3.6321525885558583
1576,2020-10-02,3.629427792915531
1577,2020-10-05,3.629427792915531
1578,2020-10-06,3.6267029972752045
1579,2020-10-07,3.6267029972752045
1580,2020-10-08,3.629427792915531
1581,2020-10-09,3.629427792915531
1582,2020-10-12,3.629427792915531
1583,2020-10-13,3.629427792915531
1584,2020-10-14,3.629427792915531
1585,2020-10-15,3.629427792915531
1586,2020-10-16,3.629427792915531
1587,2020-10-19,3.629427792915531
1588,2020-10-20,3.629427792915531
1589,2020-10-21,3.629427792915531
1590,2020-10-22,3.629427792915531
1591,2020-10-23,3.6321525885558583
1592,2020-10-26,3.629427792915531
1593,2020-10-27,3.629427792915531
1594,2020-10-28,3.6321525885558583
1595,2020-10-29,3.6321525885558583
1596,2020-10-30,3.6321525885558583
1597,2020-11-02,3.6321525885558583
1598,2020-11-03,3.6348773841961854
1599,2020-11-04,3.637602179836512
1600,2020-11-06,3.6403269754768393
1601,2020-11-09,3.6403269754768393
1602,2020-11-10,3.6403269754768393
1603,2020-11-11,3.637602179836512
1604,2020-11-12,3.637602179836512
1605,2020-11-13,3.6403269754768393
1606,2020-11-16,3.6430517711171664
1607,2020-11-17,3.645776566757493
1608,2020-11-18,3.645776566757493
1609,2020-11-19,3.645776566757493
1610,2020-11-20,3.64850136239782
1611,2020-11-23,3.64850136239782
1612,2020-11-24,3.64850136239782
1613,2020-11-25,3.64850136239782
1614,2020-11-27,3.653950953678474
1615,2020-11-30,3.653950953678474
1616,2020-12-01,3.653950953678474
1617,2020-12-02,3.653950953678474
1618,2020-12-03,3.656675749318801
1619,2020-12-04,3.653950953678474
1620,2020-12-07,3.653950953678474
1621,2020-12-08,3.653950953678474
1622,2020-12-09,3.656675749318801
1623,2020-12-10,3.653950953678474
1624,2020-12-11,3.6512261580381473
1625,2020-12-14,3.653950953678474
1626,2020-12-15,3.653950953678474
1627,2020-12-16,3.6512261580381473
1628,2020-12-17,3.64850136239782
1629,2020-12-18,3.64850136239782
1630,2020-12-21,3.64850136239782
1631,2020-12-22,3.64850136239782
1632,2020-12-23,3.645776566757493
1633,2020-12-24,3.645776566757493
1634,2020-12-28,3.645776566757493
1635,2020-12-29,3.64850136239782
1636,2020-12-30,3.6512261580381473
1637,2020-12-31,3.6512261580381473
1638,2021-01-04,3.64850136239782
1639,2021-01-05,3.64850136239782
1640,2021-01-06,3.645776566757493
1641,2021-01-07,3.645776566757493
1642,2021-01-08,3.645776566757493
1643,2021-01-11,3.645776566757493
1644,2021-01-12,3.6430517711171664
1645,2021-01-13,3.645776566757493
1646,2021-01-14,3.645776566757493
1647,2021-01-15,3.64850136239782
1648,2021-01-19,3.6512261580381473
1649,2021-01-20,3.653950953678474
1650,2021-01-21,3.656675749318801
1651,2021-01-22,3.656675749318801
1652,2021-01-27,3.656675749318801
1653,2021-01-28,3.656675749318801
1654,2021-01-29,3.656675749318801
1655,2021-02-01,3.656675749318801
1656,2021-02-02,3.656675749318801
1657,2021-02-03,3.653950953678474
1658,2021-02-08,3.653950953678474
1659,2021-02-09,3.653950953678474
